Step,Value
1,-180.4116667
2,-181.6171042
3,-174.216875
4,-168.568125
5,-166.0993958
6,-167.3557708
7,-168.5634167
8,-169.4535625
9,-169.5746042
10,-169.1000417
11,-171.4699583
12,-168.0528333
13,-170.9287292
14,-167.0688958
15,-165.779375
16,-163.80775
17,-166.3855
18,-167.41725
19,-171.4276042
20,-173.2901458
21,-172.6424375
22,-172.4943542
23,-168.3135417
24,-175.7961667
25,-170.3126667
26,-171.9075208
27,-169.1629167
28,-171.6621042
29,-169.7621042
30,-169.3196042
31,-169.1515833
32,-170.4233125
33,-169.1508542
34,-170.37
35,-168.7717708
36,-171.1618958
37,-169.0958958
38,-168.5582083
39,-169.2818125
40,-169.9796875
41,-170.7211042
42,-169.1241458
43,-169.162125
44,-171.5997917
45,-170.0018125
46,-168.6765208
47,-169.66575
48,-169.7011458
49,-170.9731667
50,-172.9830417
51,-174.8256667
52,-167.4512708
53,-169.9334375
54,-171.6756875
55,-173.2868125
56,-168.5775625
57,-169.4445833
58,-170.1777708
59,-168.7690625
60,-172.3537917
61,-171.7948333
62,-168.4023958
63,-172.0612917
64,-170.2021667
65,-171.6866667
66,-170.36025
67,-168.6861458
68,-168.8412083
69,-168.7649583
70,-170.8856458
71,-168.0962917
72,-168.5959792
73,-168.9676458
74,-171.6048125
75,-175.1738125
76,-170.2004375
77,-171.3381667
78,-170.568
79,-165.9210625
80,-170.0099375
81,-168.9195417
82,-169.2341875
83,-169.3439583
84,-166.7822292
85,-169.9109583
86,-166.5817708
87,-167.5828125
88,-167.4638125
89,-171.4105833
90,-168.5805417
91,-168.3388958
92,-167.99125
93,-173.3751042
94,-172.4726458
95,-172.75775
96,-173.2841875
97,-170.4117292
98,-169.8871042
99,-167.9619375
100,-169.6415625
101,-170.2891667
102,-169.8249583
103,-166.9268958
104,-165.7561667
105,-168.4209583
106,-166.9216458
107,-166.6011667
108,-167.899625
109,-167.15525
110,-167.8273542
111,-170.6141042
112,-174.4495417
113,-174.4489167
114,-170.2530417
115,-169.80875
116,-169.3569167
117,-168.6824583
118,-168.4672292
119,-167.7972292
120,-168.4578125
121,-167.1474375
122,-170.2590208
123,-168.6356458
124,-169.4665417
125,-168.99225
126,-171.6798125
127,-172.8510625
128,-167.0932917
129,-168.5837292
130,-169.0969583
131,-168.3892917
132,-170.90975
133,-168.1766458
134,-171.2887083
135,-178.0496458
136,-166.7261667
137,-164.9375
138,-168.8842917
139,-168.1113542
140,-170.5032708
141,-169.6605208
142,-171.864
143,-172.3453542
144,-169.7553125
145,-166.5890833
146,-169.3994167
147,-168.8514167
148,-165.7443958
149,-168.1033958
150,-169.8193125
151,-167.4873542
152,-168.7650208
153,-170.4555833
154,-166.2855625
155,-170.5395833
156,-170.7633333
157,-168.893625
158,-168.5502292
159,-173.3182292
160,-170.1985833
161,-174.9968125
162,-168.82675
163,-169.0861667
164,-168.5393333
165,-175.0040417
166,-172.4591042
167,-167.3034583
168,-168.6659792
169,-168.1638958
170,-167.4193542
171,-168.19575
172,-169.4617708
173,-171.0293542
174,-170.5223958
175,-168.9218542
176,-170.4143958
177,-167.2691667
178,-170.1772292
179,-165.9935625
180,-165.5178958
181,-168.2344583
182,-164.8669792
183,-166.4340833
184,-169.4385625
185,-167.5015417
186,-168.4281667
187,-167.9782917
188,-170.6528542
189,-168.1065208
190,-166.7863125
191,-166.227125
192,-169.3786458
193,-168.4664792
194,-171.3199583
195,-171.9164375
196,-172.079
197,-169.4251875
198,-169.8108958
199,-170.7852292
200,-169.2848542
201,-169.41
202,-170.054375
203,-172.458125
204,-170.8044583
205,-173.2308958
206,-165.7223958
207,-170.2397083
208,-168.6429792
209,-170.1725625
210,-166.1703333
211,-164.6129583
212,-166.3315
213,-167.6070833
214,-167.2235
215,-167.07375
216,-171.0280833
217,-168.6779375
218,-173.7673333
219,-173.8225
220,-172.8872292
221,-172.3337708
222,-172.5467708
223,-174.8077292
224,-175.2247083
225,-173.46525
226,-168.3742917
227,-169.0445417
228,-169.3149167
229,-167.7131875
230,-166.7678958
231,-172.3440208
232,-170.6302917
233,-179.4511875
234,-172.0526042
235,-168.6935833
236,-168.6419375
237,-168.3865833
238,-168.532375
239,-170.1478958
240,-172.1021667
241,-170.7562708
242,-171.490875
243,-170.7632917
244,-166.7210625
245,-167.7819583
246,-169.416125
247,-169.8102083
248,-169.77575
249,-172.9391042
250,-171.2781458
251,-172.1272708
252,-172.5269167
253,-172.4089792
254,-168.6435833
255,-170.0893542
256,-169.7243125
257,-167.8229583
258,-168.8069583
259,-168.0549375
260,-170.7738333
261,-171.0887292
262,-169.1058333
263,-173.6725833
264,-168.9626458
265,-170.0232292
266,-170.62175
267,-173.9981458
268,-173.5144583
269,-172.789
270,-169.4564375
271,-172.7761042
272,-170.2093125
273,-169.85025
274,-169.0960208
275,-167.1514375
276,-167.394375
277,-165.5267292
278,-167.5779583
279,-169.7101667
280,-169.5253333
281,-168.89675
282,-172.409375
283,-169.238375
284,-171.693
285,-171.8641875
286,-168.6694583
287,-169.1833333
288,-168.5872708
289,-168.6951458
290,-168.8418125
291,-169.1778333
292,-167.8492292
293,-166.4876875
294,-171.3497292
295,-169.1802708
296,-166.536125
297,-164.8530625
298,-164.1659375
299,-171.8051458
300,-170.2649167
301,-168.3689167
302,-173.7093542
303,-166.8505208
304,-168.4867917
305,-168.6309375
306,-166.581375
307,-165.7517292
308,-169.1228542
309,-168.0457083
310,-166.2245417
311,-167.5525
312,-166.763375
313,-165.8020208
314,-168.6780833
315,-166.7132917
316,-165.6364167
317,-167.679
318,-166.3213542
319,-170.63525
320,-165.5527292
321,-166.2023542
322,-167.226875
323,-162.6614792
324,-167.5631042
325,-166.7881667
326,-167.5420208
327,-164.3031667
328,-167.4874583
329,-169.9413333
330,-167.9067708
331,-167.969125
332,-169.7996458
333,-168.7093333
334,-168.8975208
335,-169.4503333
336,-170.160125
337,-168.1639792
338,-171.0380833
339,-168.9307083
340,-169.8748958
341,-170.1367083
342,-171.3003333
343,-171.8562083
344,-172.3464583
345,-170.683125
346,-170.5301458
347,-170.5212292
348,-171.8141667
349,-173.6989167
350,-171.0826042
351,-170.4085833
352,-169.9818125
353,-171.6110833
354,-174.2000833
355,-172.24675
356,-169.7629167
357,-169.0133333
358,-167.1551667
359,-170.8580833
360,-168.2110208
361,-171.40575
362,-170.0481667
363,-169.9091458
364,-168.6268333
365,-168.252375
366,-173.2453958
367,-171.7223542
368,-167.8910208
369,-166.8653333
370,-169.6757708
371,-168.2970833
372,-168.0481667
373,-168.497625
374,-168.7179375
375,-170.5568958
376,-169.7010417
377,-167.7214583
378,-165.9775625
379,-167.7188125
380,-166.6421458
381,-173.4734792
382,-170.9694583
383,-172.3446667
384,-172.9622917
385,-167.2455833
386,-169.0240208
387,-169.40325
388,-168.8824375
389,-172.5377292
390,-169.2005833
391,-172.49275
392,-171.6636667
393,-168.7396458
394,-167.8478333
395,-171.0461042
396,-166.7309375
397,-168.3906042
398,-168.3776042
399,-169.7910417
400,-169.1877083
401,-168.0038958
402,-170.6416042
403,-167.989375
404,-167.5262708
405,-169.7861458
406,-168.5114167
407,-170.3399167
408,-168.5066458
409,-165.8115
410,-170.2142292
411,-170.0145625
412,-171.4093958
413,-174.1420625
414,-168.2356042
415,-171.7135417
416,-172.4845833
417,-171.6921458
418,-173.1174792
419,-170.6458125
420,-169.81425
421,-170.9604583
422,-175.0146667
423,-173.3177708
424,-173.0175208
425,-170.7590417
426,-173.0929583
427,-171.876125
428,-172.8380417
429,-172.4992292
430,-170.0976042
431,-171.0474792
432,-171.0633333
433,-171.625
434,-172.2347292
435,-171.2835
436,-171.3634583
437,-172.3283333
438,-173.3900417
439,-172.1952292
440,-173.2864167
441,-173.8356458
442,-168.5822292
443,-172.6096042
444,-170.3065833
445,-170.160375
446,-168.89125
447,-168.2950417
448,-168.2506458
449,-170.5694375
450,-168.4989167
451,-170.4642292
452,-169.331875
453,-168.8360625
454,-170.5026667
455,-171.2066458
456,-168.564875
457,-166.864375
458,-172.0341875
459,-171.798625
460,-169.4244792
461,-168.2396458
462,-168.5701042
463,-169.8099167
464,-175.0601458
465,-168.5264375
466,-173.1906042
467,-172.1778958
468,-167.7763125
469,-166.4715
470,-166.45925
471,-166.7565208
472,-175.0613958
473,-169.9094375
474,-172.4643542
475,-174.24975
476,-172.8419167
477,-168.3579375
478,-167.1518333
479,-168.8882292
480,-168.1477917
481,-169.4800625
482,-170.3073333
483,-168.644875
484,-166.5771667
485,-164.9620417
486,-167.5749792
487,-168.1959167
488,-171.1451042
489,-171.7676042
490,-168.6268125
491,-166.2989583
492,-170.1693958
493,-168.6615625
494,-172.714875
495,-169.3753958
496,-170.1088125
497,-175.4718542
498,-172.1835
499,-170.5078125
500,-170.5073125
501,-168.3848542
502,-169.8497917
503,-173.0471875
504,-170.4365
505,-170.577875
506,-172.5310417
507,-171.2824792
508,-170.1560625
509,-177.2574583
510,-173.9916667
511,-171.0701042
512,-171.4190625
513,-170.282
514,-168.5569583
515,-167.268875
516,-167.1838958
517,-169.5105417
518,-168.1602083
519,-169.8993333
520,-168.6601875
521,-169.9243125
522,-164.8304792
523,-168.1609167
524,-170.3662083
525,-166.4458958
526,-167.3806875
527,-169.6719792
528,-172.9538125
529,-166.3242708
530,-170.77075
531,-170.7637917
532,-169.3834167
533,-172.2569792
534,-169.9894583
535,-168.8837083
536,-172.28925
537,-171.5422708
538,-167.6130208
539,-170.3535625
540,-171.1209792
541,-171.4958125
542,-168.4495
543,-170.3390625
544,-169.7374792
545,-173.4795417
546,-169.2938125
547,-171.1163333
548,-170.3403333
549,-170.2416458
550,-167.6406458
551,-168.133375
552,-169.1867708
553,-171.2289583
554,-172.5465417
555,-170.3275208
556,-170.8391458
557,-168.5980625
558,-170.3909167
559,-170.8405625
560,-170.1362292
561,-171.4157708
562,-170.5208958
563,-169.8000417
564,-167.902375
565,-170.8584375
566,-168.30825
567,-170.1725417
568,-179.30925
569,-169.7207917
570,-170.064125
571,-170.4357292
572,-169.9836667
573,-170.8437083
574,-170.8490833
575,-169.4308958
576,-169.3346042
577,-168.4547917
578,-169.5787917
579,-168.571625
580,-167.558375
581,-169.0381458
582,-168.5211458
583,-168.5889375
584,-167.9874792
585,-166.692625
586,-169.0877292
587,-167.0362917
588,-166.7593542
589,-169.9502917
590,-169.8210625
591,-169.5042708
592,-174.0951875
593,-173.1618542
594,-171.6266042
595,-170.7928542
596,-170.441
597,-166.12875
598,-166.7951458
599,-167.1924167
600,-169.8668958
601,-167.9519167
602,-169.387875
603,-167.7049167
604,-167.9805833
605,-167.2382708
606,-173.2768333
607,-167.9843958
608,-170.1240208
609,-173.5112708
610,-171.978625
611,-169.3253542
612,-166.1775833
613,-167.5025833
614,-165.6671042
615,-168.1211667
616,-166.6310417
617,-165.3211667
618,-165.1151667
619,-171.1750833
620,-169.5255417
621,-169.8983958
622,-168.7509167
623,-167.6849375
624,-166.6352708
625,-166.2388125
626,-168.326
627,-167.6845833
628,-170.6189792
629,-173.3305
630,-171.3095
631,-166.16675
632,-173.1273542
633,-173.5241458
634,-169.1628333
635,-169.30075
636,-167.380125
637,-168.0155625
638,-167.435875
639,-168.0359583
640,-169.7190417
641,-173.1955833
642,-174.7149375
643,-174.9302917
644,-172.9896875
645,-170.7896667
646,-167.40475
647,-170.2734792
648,-171.9204375
649,-172.6813125
650,-169.3482708
651,-168.140625
652,-165.2839167
653,-166.7165208
654,-167.52375
655,-173.6705208
656,-171.7140208
657,-168.2185625
658,-172.2954167
659,-173.5336042
660,-173.2717292
661,-172.4144167
662,-174.9856875
663,-178.5303125
664,-171.8943125
665,-170.4264792
666,-171.7605208
667,-173.08125
668,-168.5116875
669,-170.1871667
670,-174.2719375
671,-173.4950208
672,-172.5070625
673,-171.052
674,-170.9875833
675,-169.6266875
676,-170.8492917
677,-173.244875
678,-171.6269792
679,-172.7955208
680,-170.6194792
681,-170.1346875
682,-170.7129792
683,-173.259125
684,-172.7792083
685,-168.9645208
686,-170.7601458
687,-172.2734583
688,-172.6396667
689,-171.8590208
690,-171.5959792
691,-173.321875
692,-171.8975625
693,-166.934875
694,-172.9885625
695,-169.3833125
696,-168.2602083
697,-165.0215625
698,-166.9721667
699,-163.6263542
700,-167.6783333
701,-166.8877083
702,-168.2967708
703,-167.1655417
704,-166.9592292
705,-164.8855417
706,-166.0646458
707,-166.3386458
708,-167.5389167
709,-167.8962708
710,-168.6742917
711,-166.3525208
712,-167.8630417
713,-171.9018333
714,-170.7043958
715,-169.4478333
716,-167.4251667
717,-167.2100625
718,-167.615
719,-166.1810417
720,-166.3240208
721,-167.8953958
722,-168.5657292
723,-167.448
724,-169.098875
725,-166.9269167
726,-167.433125
727,-171.215625
728,-169.0099792
729,-168.4328958
730,-168.9099792
731,-169.3405833
732,-168.2788333
733,-168.2809375
734,-170.6749792
735,-170.190375
736,-168.7039167
737,-168.2761875
738,-171.2928125
739,-173.3651042
740,-167.913375
741,-167.9875
742,-168.348875
743,-168.646
744,-169.0846667
745,-169.2945625
746,-169.2845208
747,-166.4109167
748,-164.6641667
749,-164.5119792
750,-165.9988125
751,-169.7054167
752,-167.8695833
753,-168.3578125
754,-168.1700208
755,-169.6966875
756,-171.29725
757,-170.7712292
758,-173.0894167
759,-174.63725
760,-171.4242708
761,-171.143125
762,-171.8484583
763,-171.9855833
764,-171.0236458
765,-170.782875
766,-168.6449375
767,-169.7432292
768,-167.3527292
769,-168.3181875
770,-172.4672292
771,-169.9985208
772,-169.6849792
773,-168.5957083
774,-171.3546042
775,-168.3113542
776,-168.489375
777,-169.3484583
778,-169.8256667
779,-168.8929375
780,-169.6397083
781,-168.2221458
782,-170.4003958
783,-171.5078958
784,-173.8601875
785,-174.6347083
786,-174.7367292
787,-172.3929583
788,-172.5109167
789,-171.2353542
790,-173.4074583
791,-171.1778542
792,-170.5638542
793,-172.8279375
794,-175.0604375
795,-172.1300625
796,-170.399625
797,-168.075
798,-169.6984583
799,-171.5183333
800,-171.4550625
801,-171.1823333
802,-171.0206667
803,-167.6186042
804,-170.09125
805,-170.967
806,-171.2383958
807,-171.31725
808,-171.3227708
809,-171.8984167
810,-168.8652917
811,-169.7814792
812,-170.9191875
813,-169.3093958
814,-168.4251458
815,-164.4175208
816,-165.9011042
817,-166.288
818,-166.3178333
819,-168.6066875
820,-168.0809167
821,-169.35425
822,-172.2889583
823,-172.0774583
824,-170.0585
825,-170.3630625
826,-175.043625
827,-176.2406667
828,-174.4763125
829,-173.0136458
830,-168.4370208
831,-166.6268333
832,-167.7093542
833,-167.6393333
834,-170.1774167
835,-169.0875208
836,-170.2424167
837,-172.4896875
838,-174.3728542
839,-172.3056042
840,-171.06475
841,-168.9233958
842,-166.8424583
843,-171.5455
844,-167.7862708
845,-170.7915208
846,-171.9377292
847,-168.8537708
848,-171.2404583
849,-168.5750208
850,-175.4256042
851,-173.0556667
852,-170.0200625
853,-169.1139583
854,-168.6014792
855,-166.6212708
856,-168.5089792
857,-168.2797292
858,-166.0710208
859,-164.5751667
860,-161.8089375
861,-163.5258125
862,-168.2692708
863,-168.1285
864,-168.1639375
865,-167.7612708
866,-168.9835
867,-167.954125
868,-168.4518958
869,-166.5714792
870,-165.3034167
871,-171.6219792
872,-168.3167708
873,-168.4572708
874,-170.3439792
875,-167.0558125
876,-166.3665208
877,-169.9581875
878,-170.2299375
879,-169.2572917
880,-168.378375
881,-171.8648333
882,-168.0782917
883,-167.6578333
884,-171.47775
885,-177.8791875
886,-173.9396875
887,-171.1265
888,-168.0354375
889,-168.9086458
890,-168.4913958
891,-167.5623333
892,-171.7627292
893,-170.136
894,-167.4838542
895,-168.787125
896,-170.987375
897,-170.7812917
898,-169.3681667
899,-171.7756875
900,-169.767375
901,-173.8359375
902,-172.8210625
903,-171.5746042
904,-170.8985833
905,-173.0274792
906,-171.1049583
907,-172.179125
908,-170.6577708
909,-173.4179167
910,-174.6567917
911,-172.0251875
912,-167.7933333
913,-170.4783125
914,-168.5667708
915,-169.901875
916,-169.276
917,-169.0679792
918,-166.0600417
919,-168.8124792
920,-170.3094167
921,-170.6446458
922,-171.8798958
923,-167.3533542
924,-168.6679167
925,-165.0542292
926,-167.9916042
927,-165.5463333
928,-167.8771458
929,-171.3447917
930,-167.8048542
931,-167.0520208
932,-169.085
933,-171.8577292
934,-167.4008125
935,-166.3085833
936,-174.045875
937,-173.2916458
938,-167.6045
939,-167.836
940,-167.6139792
941,-169.7715833
942,-170.92825
943,-168.93925
944,-166.9912917
945,-167.5845833
946,-168.5599792
947,-170.5574792
948,-170.2899167
949,-165.7891458
950,-166.3851042
951,-167.2923542
952,-167.59625
953,-168.4151875
954,-168.2816667
955,-169.66425
956,-167.5249375
957,-166.2886875
958,-170.1926875
959,-167.765625
960,-167.4895417
961,-166.8037083
962,-168.9926458
963,-164.6864375
964,-167.4253333
965,-167.6196042
966,-172.5379167
967,-167.325125
968,-168.8090625
969,-162.1583125
970,-166.2198542
971,-166.3243125
972,-165.4299792
973,-163.2773333
974,-166.7392917
975,-166.8852708
976,-165.5941875
977,-168.7075
978,-166.7225833
979,-163.7540417
980,-166.1703333
981,-167.9667292
982,-168.9362708
983,-170.8272083
984,-169.6772083
985,-172.18875
986,-171.1805833
987,-168.3489792
988,-170.7013125
989,-167.2322708
990,-170.5776042
991,-170.5185625
992,-172.1806042
993,-169.3168958
994,-167.9363333
995,-167.9324375
996,-166.7422292
997,-169.0271458
998,-168.8171875
999,-170.1041042
1000,-169.5452083
1001,-171.6368333
1002,-172.248875
1003,-171.3537917
1004,-168.0763333
1005,-167.3828333
1006,-169.3750833
1007,-170.2585625
1008,-168.3120417
1009,-169.6045
1010,-169.1096042
1011,-168.411875
1012,-166.7041667
1013,-168.0687083
1014,-167.0761458
1015,-165.4072083
1016,-164.2404375
1017,-167.4055833
1018,-165.7270208
1019,-166.723125
1020,-171.7635208
1021,-170.6981875
1022,-174.713125
1023,-170.29225
1024,-167.8920833
1025,-169.260875
1026,-173.1812917
1027,-173.711625
1028,-170.5988125
1029,-172.3041667
1030,-171.7610833
1031,-170.5721667
1032,-171.7366042
1033,-173.6287292
1034,-171.1386875
1035,-168.8964167
1036,-167.0507292
1037,-167.5654792
1038,-164.8407292
1039,-169.221875
1040,-168.3971458
1041,-167.9260417
1042,-169.7927083
1043,-172.1609792
1044,-174.0717708
1045,-170.4688125
1046,-164.2568125
1047,-164.57425
1048,-167.0575
1049,-165.3657708
1050,-167.0462708
1051,-169.9388125
1052,-168.0705833
1053,-168.5566875
1054,-169.8588125
1055,-171.2827917
1056,-172.3911042
1057,-167.7630833
1058,-167.0608958
1059,-167.27575
1060,-170.0021875
1061,-166.3864583
1062,-172.2854792
1063,-169.5105833
1064,-171.8091667
1065,-169.8197917
1066,-169.9479792
1067,-168.6370208
1068,-167.3353125
1069,-164.8005
1070,-169.8384583
1071,-169.4371458
1072,-166.9273125
1073,-168.908875
1074,-168.9009167
1075,-167.0539792
1076,-171.0444375
1077,-170.071875
1078,-167.5921458
1079,-168.611
1080,-166.5995417
1081,-165.6550625
1082,-168.1806458
1083,-166.44825
1084,-168.634375
1085,-170.1687292
1086,-169.8194792
1087,-168.9579583
1088,-167.0223333
1089,-169.9215
1090,-167.3515
1091,-166.7395208
1092,-164.4916042
1093,-164.1890625
1094,-166.8424792
1095,-166.6584375
1096,-163.3065833
1097,-166.5235
1098,-165.3147708
1099,-168.02825
1100,-169.2290625
1101,-166.5411667
1102,-168.4868125
1103,-170.4419792
1104,-170.2687083
1105,-168.9142917
1106,-171.0916875
1107,-172.4882708
1108,-171.8253333
1109,-171.934125
1110,-169.458375
1111,-170.1013958
1112,-170.4047708
1113,-172.5477708
1114,-169.984625
1115,-174.0545625
1116,-172.1983125
1117,-173.6815208
1118,-174.6277917
1119,-170.3539583
1120,-167.9212083
1121,-169.1695625
1122,-169.3648125
1123,-172.0075
1124,-169.4598958
1125,-166.2975417
1126,-165.434
1127,-168.356875
1128,-166.5817292
1129,-166.4645417
1130,-170.2142083
1131,-167.836
1132,-168.1560625
1133,-170.1979167
1134,-168.39525
1135,-166.7586667
1136,-172.3620208
1137,-169.6951042
1138,-169.7922083
1139,-169.8210208
1140,-167.1402917
1141,-166.5873125
1142,-171.4091042
1143,-167.4916042
1144,-169.2174583
1145,-167.1066667
1146,-172.839375
1147,-169.791375
1148,-170.817875
1149,-166.2235417
1150,-169.6608958
1151,-173.1981667
1152,-171.6513125
1153,-169.4356875
1154,-170.43225
1155,-169.7241042
1156,-162.1599375
1157,-166.4900833
1158,-167.5607917
1159,-170.0775208
1160,-169.1265625
1161,-167.36925
1162,-169.2187083
1163,-170.1197917
1164,-172.8638333
1165,-174.4273333
1166,-170.8957292
1167,-174.7955208
1168,-174.3448125
1169,-172.9095208
1170,-169.7258125
1171,-173.2110208
1172,-171.4500208
1173,-169.8246042
1174,-169.4088333
1175,-172.1996875
1176,-169.833
1177,-173.9187917
1178,-173.5532708
1179,-177.2035417
1180,-175.6350625
1181,-170.7680417
1182,-171.7485625
1183,-171.5331042
1184,-170.1253333
1185,-170.7679583
1186,-173.0558125
1187,-173.7847083
1188,-167.8959792
1189,-169.013375
1190,-169.1439583
1191,-169.8740833
1192,-167.8292708
1193,-170.468
1194,-173.2081875
1195,-173.2963125
1196,-170.4772292
1197,-169.7995833
1198,-169.13225
1199,-171.4578958
1200,-168.819
1201,-172.9110833
1202,-167.6728958
1203,-164.9182708
1204,-169.5114375
1205,-170.8750417
1206,-170.616625
1207,-168.6818125
1208,-167.7481042
1209,-170.0916042
1210,-167.5943125
1211,-170.5074583
1212,-174.8722083
1213,-174.454875
1214,-173.1292917
1215,-171.9707708
1216,-171.1545833
1217,-171.9674792
1218,-173.3862083
1219,-176.0778333
1220,-170.2556875
1221,-168.5411667
1222,-168.7663542
1223,-168.4391458
1224,-170.4868958
1225,-171.5114583
1226,-168.56025
1227,-174.6498958
1228,-172.6839167
1229,-171.9420833
1230,-169.0791458
1231,-170.6
1232,-172.2652292
1233,-175.2402083
1234,-171.6560833
1235,-172.6587292
1236,-171.3963125
1237,-173.9215417
1238,-170.3556458
1239,-171.9155833
1240,-172.4065833
1241,-169.685625
1242,-171.7271875
1243,-172.6806458
1244,-173.5469583
1245,-169.6600417
1246,-167.0812292
1247,-170.233
1248,-169.1361667
1249,-170.1301042
1250,-172.1482292
1251,-165.3155417
1252,-164.108875
1253,-166.1158333
1254,-168.582875
1255,-167.9302708
1256,-167.35075
1257,-170.469
1258,-167.8332917
1259,-169.8375833
1260,-170.5840417
1261,-171.7681042
1262,-169.9248333
1263,-168.8579375
1264,-171.8856458
1265,-166.45875
1266,-169.9851875
1267,-170.9561667
1268,-171.4955
1269,-171.1576458
1270,-166.5364375
1271,-164.3515625
1272,-164.361375
1273,-166.8030417
1274,-169.47075
1275,-172.2796875
1276,-171.6669375
1277,-176.7606875
1278,-170.365625
1279,-173.6649375
1280,-166.5559792
1281,-167.3467917
1282,-168.4112083
1283,-169.439125
1284,-170.9977708
1285,-167.2249375
1286,-169.0332917
1287,-169.1761042
1288,-165.1747917
1289,-169.1204375
1290,-174.162125
1291,-167.6047708
1292,-171.5540208
1293,-171.2526875
1294,-169.3428333
1295,-168.3573542
1296,-170.4997917
1297,-167.490375
1298,-169.6829375
1299,-170.2548958
1300,-168.5448958
1301,-168.7545208
1302,-168.2127917
1303,-166.8976667
1304,-167.5022708
1305,-169.1897083
1306,-168.4412708
1307,-168.7141875
1308,-171.1470625
1309,-169.3644583
1310,-168.5422083
1311,-167.9041042
1312,-167.746375
1313,-165.9849583
1314,-167.8084583
1315,-166.8593125
1316,-170.0520417
1317,-171.712625
1318,-171.8055833
1319,-171.4733333
1320,-173.113625
1321,-170.6392917
1322,-172.6517708
1323,-171.5279792
1324,-166.8131667
1325,-168.8772917
1326,-170.5354375
1327,-171.2428333
1328,-171.8610625
1329,-170.1837292
1330,-169.6831042
1331,-170.7306667
1332,-170.3876042
1333,-170.97225
1334,-170.572125
1335,-174.1091042
1336,-172.546125
1337,-169.3965625
1338,-171.1466458
1339,-172.6895833
1340,-173.7235417
1341,-173.5222917
1342,-173.8906042
1343,-169.4754583
1344,-169.6358542
1345,-167.5915417
1346,-167.5379583
1347,-170.2193125
1348,-171.3140625
1349,-170.4005208
1350,-169.7739167
1351,-169.50275
1352,-166.6772083
1353,-172.234125
1354,-172.9982292
1355,-170.6397708
1356,-175.8158958
1357,-173.7074167
1358,-169.8528958
1359,-171.2743333
1360,-171.2320417
1361,-169.5763542
1362,-165.6337292
1363,-170.2902083
1364,-169.0079792
1365,-168.42
1366,-171.3627708
1367,-167.48175
1368,-172.4586667
1369,-172.9433542
1370,-172.8597917
1371,-170.1804792
1372,-166.464875
1373,-164.37925
1374,-165.8026875
1375,-163.9141667
1376,-165.2366458
1377,-166.8308542
1378,-166.3994792
1379,-165.5868542
1380,-168.505
1381,-166.056375
1382,-163.8424583
1383,-169.3176458
1384,-171.459875
1385,-170.6683542
1386,-170.4470833
1387,-169.9287708
1388,-171.6146667
1389,-174.0265417
1390,-171.5453333
1391,-172.5735625
1392,-170.01175
1393,-173.1233958
1394,-170.854125
1395,-170.29225
1396,-169.3417917
1397,-169.7225208
1398,-170.07875
1399,-172.5821667
1400,-170.6509583
1401,-170.1157917
1402,-168.7659792
1403,-170.4274167
1404,-169.6891667
1405,-170.6599792
1406,-168.4388125
1407,-171.2343958
1408,-171.4222708
1409,-170.6791667
1410,-172.6319167
1411,-170.1118333
1412,-172.1793542
1413,-168.2564167
1414,-172.908125
1415,-172.6139792
1416,-172.4657917
1417,-171.8775417
1418,-173.4835208
1419,-173.9216458
1420,-170.116125
1421,-168.5688958
1422,-167.4271667
1423,-167.565875
1424,-166.8050625
1425,-169.1458125
1426,-168.1912292
1427,-167.6818542
1428,-172.5202292
1429,-171.7819792
1430,-168.762875
1431,-168.5436458
1432,-171.102875
1433,-169.3149792
1434,-171.0348333
1435,-168.2059167
1436,-166.3705625
1437,-171.8463958
1438,-168.1146042
1439,-170.334125
1440,-170.0958333
1441,-170.7759167
1442,-172.9589583
1443,-169.9991875
1444,-171.12075
1445,-170.9629583
1446,-173.1383958
1447,-171.2672917
1448,-173.8356042
1449,-171.4880833
1450,-172.9656458
1451,-170.8658542
1452,-170.8904583
1453,-170.6581667
1454,-170.7800208
1455,-171.7414792
1456,-171.3731667
1457,-172.5386458
1458,-171.4689583
1459,-166.673
1460,-169.6608333
1461,-170.2093958
1462,-172.837
1463,-173.2284792
1464,-170.054
1465,-169.1707708
1466,-170.4009792
1467,-170.6848542
1468,-169.0519583
1469,-168.90325
1470,-165.9103125
1471,-166.7710625
1472,-166.2245
1473,-166.2388542
1474,-168.7365208
1475,-166.6676667
1476,-171.7564792
1477,-170.061625
1478,-167.6794583
1479,-165.4370417
1480,-167.3546667
1481,-165.0585
1482,-169.193375
1483,-166.7386458
1484,-169.289125
1485,-168.7659792
1486,-174.5413125
1487,-166.0982917
1488,-165.2626667
1489,-167.1861458
1490,-168.7228542
1491,-167.7506667
1492,-166.9257292
1493,-167.54475
1494,-166.9522292
1495,-171.712375
1496,-171.4773333
1497,-169.9943125
1498,-167.3399167
1499,-167.6957708
1500,-168.4623958
1501,-169.5125833
1502,-169.6033333
1503,-165.5837917
1504,-169.0626458
1505,-171.013125
1506,-173.3628333
1507,-172.7775625
1508,-169.80075
1509,-167.3089792
1510,-168.5349167
1511,-166.115625
1512,-168.4120625
1513,-166.3693958
1514,-168.2902917
1515,-165.4751458
1516,-165.3228958
1517,-166.2601042
1518,-165.5730625
1519,-168.5815417
1520,-167.8030625
1521,-172.0595208
1522,-173.1603333
1523,-171.4434375
1524,-172.7699375
1525,-172.7523125
1526,-171.281
1527,-170.7891667
1528,-171.140125
1529,-170.7489375
1530,-170.5342917
1531,-169.693625
1532,-169.5141042
1533,-172.0465417
1534,-166.8998333
1535,-165.720875
1536,-168.3944792
1537,-168.3208125
1538,-171.460375
1539,-170.3460625
1540,-168.5609167
1541,-172.0099792
1542,-170.3435208
1543,-168.4930208
1544,-173.31425
1545,-171.2116667
1546,-166.6419375
1547,-167.0635208
1548,-167.5635625
1549,-166.5292292
1550,-167.16175
1551,-167.4916042
1552,-166.7189375
1553,-167.0226875
1554,-167.0137083
1555,-168.4198333
1556,-168.0176667
1557,-166.1621042
1558,-173.8636667
1559,-171.6689583
1560,-171.0998542
1561,-173.3771042
1562,-173.3487917
1563,-171.1491458
1564,-169.5165417
1565,-173.7709375
1566,-170.6331667
1567,-170.4157708
1568,-169.1782292
1569,-170.8192083
1570,-172.0746667
1571,-172.5644167
1572,-172.19125
1573,-173.4164375
1574,-172.1563125
1575,-173.9876458
1576,-172.9979792
1577,-170.982125
1578,-169.4764792
1579,-173.0782708
1580,-170.2932708
1581,-175.5301042
1582,-172.7520208
1583,-173.3434375
1584,-170.7418333
1585,-173.7850625
1586,-171.7577083
1587,-170.5523333
1588,-170.928875
1589,-170.6658542
1590,-169.8392708
1591,-168.8176458
1592,-166.8034583
1593,-167.8216667
1594,-169.4958333
1595,-169.8912083
1596,-169.06875
1597,-170.4417708
1598,-171.2140208
1599,-173.6185
1600,-175.6172917
1601,-169.6802083
1602,-173.1067708
1603,-168.6246042
1604,-171.9569583
1605,-174.285
1606,-169.4344792
1607,-168.8331875
1608,-166.8478125
1609,-170.0403333
1610,-168.6975625
1611,-171.4372292
1612,-169.5199792
1613,-171.9419167
1614,-170.4774583
1615,-166.6843125
1616,-166.5721042
1617,-167.1606042
1618,-174.0730208
1619,-169.8095
1620,-171.4635417
1621,-172.442125
1622,-171.8816458
1623,-169.4255208
1624,-165.99125
1625,-168.4835833
1626,-168.6398542
1627,-166.7737917
1628,-167.8786875
1629,-169.9632917
1630,-171.30325
1631,-170.071875
1632,-167.4135208
1633,-169.0483333
1634,-168.1243958
1635,-170.194875
1636,-169.461
1637,-169.1974167
1638,-165.1520625
1639,-168.1790208
1640,-167.489875
1641,-172.0772083
1642,-169.2480208
1643,-168.4606458
1644,-170.4400208
1645,-167.8929375
1646,-169.8033542
1647,-171.7374583
1648,-168.8280625
1649,-170.6601875
1650,-170.0843542
1651,-171.9947292
1652,-171.2897292
1653,-171.1885
1654,-171.8308542
1655,-171.3531875
1656,-169.5970625
1657,-170.5535208
1658,-169.7546667
1659,-170.6593125
1660,-168.9371875
1661,-170.4826667
1662,-171.1515
1663,-169.105625
1664,-170.10725
1665,-167.4152292
1666,-170.7457708
1667,-168.9999375
1668,-169.7882083
1669,-167.3662292
1670,-165.9433958
1671,-169.8893958
1672,-170.5272083
1673,-171.6778333
1674,-169.6088542
1675,-172.3531875
1676,-167.789875
1677,-169.7619792
1678,-167.16925
1679,-171.8686458
1680,-170.965625
1681,-166.958
1682,-168.3960625
1683,-173.6803958
1684,-168.4058542
1685,-169.5216875
1686,-171.9144792
1687,-172.9653125
1688,-170.9689792
1689,-169.6354583
1690,-169.9001875
1691,-172.128375
1692,-168.5318333
1693,-168.2769167
1694,-171.3754375
1695,-170.6329583
1696,-169.2505625
1697,-169.4499167
1698,-171.8061875
1699,-168.7272917
1700,-169.9565625
1701,-171.3595833
1702,-169.2292292
1703,-169.5727083
1704,-171.2057083
1705,-173.1668333
1706,-170.908
1707,-170.9329792
1708,-168.7793125
1709,-168.3567917
1710,-167.9368125
1711,-168.6271875
1712,-169.3879792
1713,-173.8446042
1714,-171.8120625
1715,-170.917375
1716,-172.7830625
1717,-170.0115208
1718,-169.5646875
1719,-172.7023125
1720,-175.3793542
1721,-171.1551458
1722,-169.9841042
1723,-171.857
1724,-166.5573125
1725,-168.1438542
1726,-172.0926042
1727,-170.7135625
1728,-171.0913958
1729,-169.1683333
1730,-171.0495
1731,-170.1974167
1732,-167.2892917
1733,-168.2264583
1734,-171.7565625
1735,-174.244375
1736,-169.9971042
1737,-170.7776458
1738,-168.9800625
1739,-173.8823333
1740,-170.7669167
1741,-168.8281667
1742,-170.0904375
1743,-172.3034167
1744,-173.7567292
1745,-172.8196042
1746,-170.7164375
1747,-169.0954792
1748,-168.3411667
1749,-169.3145208
1750,-167.19125
1751,-166.6281875
1752,-168.339125
1753,-169.18025
1754,-169.9650833
1755,-169.0418542
1756,-167.2735625
1757,-167.8594792
1758,-166.656375
1759,-165.5546667
1760,-166.8202708
1761,-168.9637917
1762,-168.9189375
1763,-173.0588333
1764,-169.1426458
1765,-170.8240833
1766,-176.1010625
1767,-170.0783125
1768,-170.8048333
1769,-171.4782292
1770,-172.1720625
1771,-170.0241667
1772,-174.568625
1773,-168.4513958
1774,-168.6093542
1775,-171.0696667
1776,-173.79375
1777,-170.8844792
1778,-171.7772292
1779,-170.4705208
1780,-166.6094167
1781,-168.9802292
1782,-168.7029792
1783,-170.5617917
1784,-171.4867708
1785,-168.7228333
1786,-172.242125
1787,-171.0656667
1788,-169.4340208
1789,-167.60125
1790,-171.0935
1791,-168.2438333
1792,-169.0496875
1793,-169.7976667
1794,-172.5561042
1795,-172.2722917
1796,-171.9588125
1797,-171.6918542
1798,-172.0263958
1799,-169.9223542
1800,-170.0106667
1801,-171.2204167
1802,-172.483
1803,-172.680375
1804,-174.2737917
1805,-175.3540208
1806,-173.6235
1807,-172.9545208
1808,-171.6289375
1809,-170.7434583
1810,-173.0831875
1811,-168.7465208
1812,-173.7293542
1813,-171.0686458
1814,-167.2458125
1815,-169.8633333
1816,-170.473375
1817,-170.5810417
1818,-168.77575
1819,-169.2781458
1820,-170.998
1821,-173.1567708
1822,-168.6938958
1823,-169.3120833
1824,-170.7122292
1825,-169.4615625
1826,-168.8321458
1827,-171.3749167
1828,-176.196
1829,-167.6878125
1830,-166.3890208
1831,-170.050125
1832,-165.3760417
1833,-168.9455208
1834,-167.8453958
1835,-167.1508542
1836,-166.1620625
1837,-167.3826667
1838,-171.1554792
1839,-166.7184167
1840,-169.9691667
1841,-171.8561458
1842,-169.4672917
1843,-170.4278958
1844,-169.0705
1845,-169.0117292
1846,-170.7381458
1847,-169.3933958
1848,-170.0653125
1849,-171.9381042
1850,-168.4310833
1851,-171.0961042
1852,-169.9645833
1853,-169.8174375
1854,-169.1981042
1855,-167.21025
1856,-169.2906042
1857,-173.2575417
1858,-173.323
1859,-169.5289792
1860,-168.9708958
1861,-171.4570208
1862,-170.7480625
1863,-168.1498958
1864,-168.4766875
1865,-166.0538333
1866,-167.194625
1867,-172.6821875
1868,-168.992375
1869,-169.36025
1870,-170.4199792
1871,-171.2475833
1872,-168.0621458
1873,-171.22625
1874,-170.785875
1875,-169.6830833
1876,-168.9486458
1877,-168.7612708
1878,-172.5786875
1879,-170.5100833
1880,-168.7980833
1881,-171.8331042
1882,-169.6158333
1883,-166.7452083
1884,-168.8733542
1885,-165.6623333
1886,-172.0332708
1887,-168.1325
1888,-169.8893333
1889,-169.3615
1890,-171.3109375
1891,-172.1225417
1892,-170.3612708
1893,-173.3674167
1894,-172.2510208
1895,-170.8434583
1896,-170.4914792
1897,-168.3277083
1898,-173.4922917
1899,-170.0958333
1900,-171.4018333
1901,-170.9472083
1902,-168.428375
1903,-170.8580625
1904,-170.6814375
1905,-166.767125
1906,-167.3433542
1907,-168.2270625
1908,-167.1636667
1909,-167.7530625
1910,-167.8625833
1911,-167.9005208
1912,-167.2587083
1913,-169.8649583
1914,-168.477125
1915,-169.0292083
1916,-165.1145625
1917,-168.9364167
1918,-169.0524375
1919,-165.6015
1920,-168.3886667
1921,-170.6665833
1922,-170.8723542
1923,-171.1988958
1924,-168.731625
1925,-172.0575
1926,-172.9100208
1927,-172.1281875
1928,-170.441625
1929,-170.8492708
1930,-174.1908333
1931,-172.0146458
1932,-173.0807708
1933,-172.86725
1934,-170.7671875
1935,-171.137
1936,-172.3150208
1937,-170.3205417
1938,-167.7582917
1939,-168.7388333
1940,-168.9894167
1941,-169.406875
1942,-171.2616042
1943,-168.6908125
1944,-170.1767083
1945,-171.9577083
1946,-170.9009583
1947,-167.8076875
1948,-166.2047083
1949,-171.0277917
1950,-167.4911667
1951,-166.6361458
1952,-168.6987708
1953,-169.2188125
1954,-167.0630208
1955,-165.4769792
1956,-165.71175
1957,-165.1589792
1958,-165.6885625
1959,-168.8574792
1960,-172.5407917
1961,-174.224
1962,-170.5110833
1963,-170.4537083
1964,-169.1933125
1965,-168.9046875
1966,-170.5609167
1967,-169.8855625
1968,-170.235625
1969,-170.0766875
1970,-171.4868125
1971,-169.9012917
1972,-172.3190833
1973,-171.7101458
1974,-171.1932083
1975,-170.3650833
1976,-171.9767292
1977,-171.3806042
1978,-167.0136458
1979,-170.5638333
1980,-170.3846875
1981,-169.5435
1982,-171.31775
1983,-169.4530833
1984,-166.9893958
1985,-167.64425
1986,-169.8857292
1987,-166.8778542
1988,-171.8486875
1989,-170.7875208
1990,-170.17875
1991,-170.889625
1992,-172.4451875
1993,-175.0661667
1994,-171.806625
1995,-170.2670625
1996,-171.0162708
1997,-168.8993333
1998,-166.509375
1999,-169.2740208
2000,-171.7257083
2001,-167.772375
2002,-170.28875
2003,-170.7441042
2004,-170.7655208
2005,-168.4374375
2006,-168.2060208
2007,-171.5977292
2008,-168.7439375
2009,-169.8738125
2010,-169.3843125
2011,-173.3725417
2012,-166.5056875
2013,-170.7456875
2014,-168.2463125
2015,-166.980875
2016,-169.6569792
2017,-166.9842708
2018,-166.0386875
2019,-166.3249375
2020,-171.6560625
2021,-167.2536458
2022,-169.1416458
2023,-167.4416458
2024,-169.3357292
2025,-167.8086042
2026,-171.7301667
2027,-168.76775
2028,-168.5172708
2029,-170.800625
2030,-172.2316667
2031,-168.9142083
2032,-170.9670833
2033,-172.0948958
2034,-169.4279375
2035,-169.7941042
2036,-167.9419375
2037,-167.7930625
2038,-167.3160625
2039,-165.8119375
2040,-168.6578333
2041,-171.5242708
2042,-170.1538333
2043,-166.6898125
2044,-169.0302708
2045,-172.6297708
2046,-170.7916667
2047,-170.9295208
2048,-169.4416667
2049,-172.3276667
2050,-171.4975417
2051,-171.5235208
2052,-171.178
2053,-171.3071875
2054,-173.028375
2055,-174.8112917
2056,-176.3481667
2057,-175.4166458
2058,-169.1304375
2059,-169.5809167
2060,-172.0949583
2061,-169.5565208
2062,-167.4328125
2063,-166.3058958
2064,-165.5680417
2065,-167.5014375
2066,-167.49375
2067,-167.7290417
2068,-166.744875
2069,-167.9324792
2070,-171.2213333
2071,-168.2589375
2072,-171.3286667
2073,-168.5216458
2074,-171.3878542
2075,-170.3973333
2076,-168.9318333
2077,-165.4995208
2078,-168.8091667
2079,-169.1190208
2080,-166.7136042
2081,-168.2380833
2082,-167.5547708
2083,-168.4375833
2084,-171.3070208
2085,-167.1232083
2086,-168.0975208
2087,-164.2385208
2088,-166.7578125
2089,-168.4945833
2090,-169.6856667
2091,-167.4120417
2092,-167.7781458
2093,-174.9156042
2094,-172.8453333
2095,-172.422
2096,-173.4478542
2097,-171.38075
2098,-170.5486458
2099,-172.0664375
2100,-170.2801667
2101,-169.7135833
2102,-167.0065417
2103,-170.7869375
2104,-170.3167708
2105,-171.3707917
2106,-169.6674375
2107,-169.6372917
2108,-165.2334375
2109,-168.490375
2110,-170.2381875
2111,-170.6436042
2112,-171.8645
2113,-170.6169167
2114,-168.7485833
2115,-168.3341667
2116,-168.50125
2117,-168.8531458
2118,-169.8683542
2119,-171.861
2120,-170.0641875
2121,-169.5263333
2122,-169.9397917
2123,-172.1027708
2124,-170.8243542
2125,-173.7461875
2126,-172.0619583
2127,-170.7234375
2128,-171.3305
2129,-172.9135417
2130,-172.6933125
2131,-171.6702292
2132,-169.0734583
2133,-170.0624167
2134,-173.1403125
2135,-173.3727917
2136,-170.4772083
2137,-170.5583333
2138,-169.4888333
2139,-170.7138125
2140,-171.9709792
2141,-171.0578958
2142,-170.3846875
2143,-165.997875
2144,-167.1470625
2145,-173.0291667
2146,-172.3260833
2147,-170.6340417
2148,-169.8605625
2149,-172.01475
2150,-171.3082917
2151,-169.7252917
2152,-170.1396458
2153,-172.1829167
2154,-170.8555417
2155,-171.732625
2156,-167.6819583
2157,-168.9415
2158,-167.3933125
2159,-167.9130208
2160,-167.3728333
2161,-169.4055208
2162,-168.4023125
2163,-169.4839583
2164,-170.6115
2165,-171.05925
2166,-171.029625
2167,-171.5175417
2168,-168.7490833
2169,-170.4137292
2170,-170.6118958
2171,-169.0637708
2172,-168.6917917
2173,-167.8365833
2174,-170.8124375
2175,-168.2103958
2176,-171.7813333
2177,-170.8958125
2178,-167.226875
2179,-168.3748333
2180,-169.7864583
2181,-171.6249167
2182,-169.9998542
2183,-174.36525
2184,-177.2226458
2185,-174.7709583
2186,-175.7735625
2187,-175.8197917
2188,-170.5420833
2189,-172.0146458
2190,-171.1727083
2191,-169.9985625
2192,-171.5255
2193,-169.8399583
2194,-172.9359792
2195,-170.4221042
2196,-171.6086042
2197,-171.4224375
2198,-171.0468125
2199,-169.2555208
2200,-168.2164167
2201,-170.3378125
2202,-168.6043542
2203,-168.7551042
2204,-168.8675417
2205,-169.488375
2206,-171.1077708
2207,-171.1828125
2208,-170.0471458
2209,-173.6716042
2210,-171.5849167
2211,-171.2295
2212,-171.586625
2213,-174.5345
2214,-173.4636875
2215,-172.4017083
2216,-169.9476667
2217,-167.3959375
2218,-166.8203958
2219,-168.4430833
2220,-168.398
2221,-168.584375
2222,-167.6933333
2223,-170.2459792
2224,-171.279
2225,-171.5116667
2226,-169.2285417
2227,-169.1915833
2228,-169.1821042
2229,-168.0081458
2230,-169.9847292
2231,-173.8711458
2232,-171.2313125
2233,-168.7017708
2234,-168.1313958
2235,-169.96425
2236,-173.9726042
2237,-174.405625
2238,-170.1893125
2239,-169.6792708
2240,-168.4015
2241,-171.0434792
2242,-171.8990833
2243,-166.1336458
2244,-165.77225
2245,-168.5846458
2246,-164.9326875
2247,-168.3136667
2248,-167.2677708
2249,-166.1815417
2250,-164.8523958
2251,-167.8072917
2252,-167.4061042
2253,-167.5726458
2254,-170.9971458
2255,-172.7306667
2256,-169.1605833
2257,-169.1946042
2258,-170.6889583
2259,-167.1938542
2260,-167.9338333
2261,-167.9140417
2262,-167.0978333
2263,-170.8900208
2264,-166.8659375
2265,-168.4302292
2266,-167.6165208
2267,-168.8343542
2268,-168.6959583
2269,-171.179625
2270,-170.5542292
2271,-169.1825208
2272,-171.7900208
2273,-171.8130208
2274,-169.6767917
2275,-170.7081875
2276,-168.1895208
2277,-169.8520417
2278,-169.5112917
2279,-170.7655833
2280,-173.2802292
2281,-171.4788958
2282,-172.568875
2283,-169.7449167
2284,-172.7465
2285,-176.11675
2286,-174.2134375
2287,-169.5859792
2288,-170.1219792
2289,-173.7358333
2290,-171.101375
2291,-169.77875
2292,-171.998625
2293,-171.8289375
2294,-170.350625
2295,-166.365875
2296,-167.3268958
2297,-165.9476875
2298,-167.7322083
2299,-167.9576042
2300,-171.461625
2301,-168.6410417
2302,-168.6506875
2303,-166.806
2304,-167.9934167
2305,-168.1213333
2306,-168.6584792
2307,-170.1411667
2308,-171.073875
2309,-169.465625
2310,-169.2644792
2311,-173.9741875
2312,-168.1117708
2313,-170.6086667
2314,-171.194625
2315,-172.5881875
2316,-170.8812083
2317,-168.393125
2318,-168.5374792
2319,-165.7313125
2320,-167.6161042
2321,-167.3527917
2322,-171.3664167
2323,-169.4983958
2324,-169.1490417
2325,-168.9405
2326,-167.9944375
2327,-168.0286875
2328,-167.358625
2329,-167.4302708
2330,-168.9916042
2331,-170.4298958
2332,-170.1124792
2333,-168.6687708
2334,-169.9206458
2335,-170.3827917
2336,-167.778375
2337,-165.8141458
2338,-171.1337292
2339,-174.3401042
2340,-171.6849375
2341,-168.8073958
2342,-166.7169375
2343,-166.7904375
2344,-168.578
2345,-168.74275
2346,-168.8736458
2347,-169.3260208
2348,-166.0896042
2349,-165.0667292
2350,-167.3882917
2351,-165.1175417
2352,-167.6078125
2353,-167.4950417
2354,-170.4009167
2355,-168.9580833
2356,-167.7522917
2357,-166.1807708
2358,-168.0120625
2359,-167.2928542
2360,-169.8233333
2361,-170.5183125
2362,-167.0612292
2363,-167.4342292
2364,-170.1346667
2365,-169.649625
2366,-166.8729375
2367,-166.6228958
2368,-168.0683958
2369,-170.0781875
2370,-170.8413958
2371,-169.9125
2372,-166.6846667
2373,-173.021375
2374,-170.436125
2375,-170.4578333
2376,-170.0529167
2377,-170.3768542
2378,-172.781625
2379,-170.4179792
2380,-172.2464792
2381,-168.3210417
2382,-167.4828958
2383,-168.2015417
2384,-168.3125417
2385,-170.4070417
2386,-174.1755208
2387,-174.3206042
2388,-170.996125
2389,-173.0177292
2390,-172.3249583
2391,-170.7683958
2392,-169.4923125
2393,-170.7236042
2394,-168.4720208
2395,-169.8473958
2396,-170.4602708
2397,-173.2333542
2398,-174.9012083
2399,-171.3054375
2400,-174.4950625
2401,-171.6473333
2402,-171.8597292
2403,-167.6840417
2404,-168.666125
2405,-167.2477708
2406,-170.8778125
2407,-170.5197292
2408,-167.8579583
2409,-167.1462292
2410,-169.8935625
2411,-169.7487708
2412,-169.5775833
2413,-169.378625
2414,-169.5891875
2415,-168.2955417
2416,-168.5840625
2417,-164.5367083
2418,-164.4809583
2419,-164.0370208
2420,-167.0980833
2421,-168.4471875
2422,-170.1665625
2423,-171.1232708
2424,-166.6868542
2425,-168.5792708
2426,-168.7722292
2427,-169.3020833
2428,-171.2521875
2429,-171.3306042
2430,-172.3891875
2431,-169.9726875
2432,-169.8408125
2433,-172.6763333
2434,-169.9868958
2435,-170.830125
2436,-171.1461458
2437,-172.8531458
2438,-170.1771875
2439,-173.2049375
2440,-171.5629375
2441,-172.5482917
2442,-172.3491875
2443,-170.0378125
2444,-169.6178958
2445,-169.1761042
2446,-171.2333958
2447,-171.4886667
2448,-170.2718958
2449,-170.5108958
2450,-169.3532292
2451,-171.5827708
2452,-168.2749375
2453,-174.1692083
2454,-171.1121667
2455,-175.9517708
2456,-170.3329792
2457,-173.2747083
2458,-169.9205417
2459,-167.9987917
2460,-169.8701667
2461,-172.4756042
2462,-173.2233958
2463,-173.2117708
2464,-175.6698542
2465,-173.9140833
2466,-174.7136042
2467,-171.6892917
2468,-170.1796042
2469,-168.5027083
2470,-169.8240208
2471,-172.4077917
2472,-172.9875833
2473,-172.8859583
2474,-173.5281042
2475,-168.933375
2476,-173.2607708
2477,-171.2781042
2478,-170.1425625
2479,-171.1133542
2480,-166.8898542
2481,-170.5905625
2482,-170.2494167
2483,-171.1050417
2484,-172.2138333
2485,-169.547375
2486,-166.5221667
2487,-171.057375
2488,-171.871625
2489,-168.2527292
2490,-173.9220833
2491,-170.3013958
2492,-172.0676667
2493,-170.7998542
2494,-166.8165208
2495,-168.6373958
2496,-170.3562708
2497,-168.9244167
2498,-168.1102708
2499,-168.0360833
2500,-169.8054583
2501,-170.9321458
2502,-171.4190833
2503,-172.3464167
2504,-169.0376042
2505,-170.8627083
2506,-172.1283333
2507,-169.0538542
2508,-169.4748333
2509,-166.987125
2510,-166.3156042
2511,-167.1192708
2512,-167.5980417
2513,-171.6835625
2514,-169.9643542
2515,-172.1072708
2516,-170.1723125
2517,-171.4458542
2518,-167.924625
2519,-169.0644375
2520,-167.9567292
2521,-169.9670625
2522,-170.414625
2523,-169.2983958
2524,-170.5524792
2525,-167.2365833
2526,-167.1296458
2527,-166.7481667
2528,-171.513625
2529,-170.1330417
2530,-167.3247083
2531,-169.1331458
2532,-166.880625
2533,-166.4456667
2534,-167.5269375
2535,-166.3603542
2536,-168.1935833
2537,-169.1809583
2538,-167.6211458
2539,-170.0220625
2540,-171.7137708
2541,-171.0478958
2542,-170.8835833
2543,-170.7356667
2544,-169.6218125
2545,-169.9769583
2546,-168.0864167
2547,-171.4879167
2548,-169.7110417
2549,-167.3043542
2550,-167.0242083
2551,-169.8725
2552,-171.66975
2553,-173.4573542
2554,-171.2186042
2555,-169.6450208
2556,-169.7370833
2557,-170.4700833
2558,-170.3271875
2559,-171.0004792
2560,-171.6201458
2561,-169.1323333
2562,-164.4685
2563,-167.5311667
2564,-164.968625
2565,-164.5757083
2566,-165.5286667
2567,-167.1676667
2568,-167.5705833
2569,-168.9549792
2570,-166.7687708
2571,-166.7099583
2572,-167.7386458
2573,-167.8747292
2574,-171.5314167
2575,-169.5173542
2576,-169.0981042
2577,-171.3122917
2578,-173.474375
2579,-170.8680208
2580,-170.7655625
2581,-168.5142708
2582,-171.598625
2583,-172.732625
2584,-172.3979375
2585,-169.1346875
2586,-169.2201667
2587,-171.1637917
2588,-171.667
2589,-170.6767292
2590,-168.1223542
2591,-168.404
2592,-167.6100417
2593,-173.6891667
2594,-171.2207292
2595,-168.1390417
2596,-166.5088958
2597,-167.5249167
2598,-169.6180208
2599,-172.6493125
2600,-169.0935417
2601,-167.4111458
2602,-173.3004583
2603,-171.7678958
2604,-169.5589792
2605,-170.93875
2606,-172.0542083
2607,-168.2563125
2608,-170.4260417
2609,-167.6958542
2610,-165.8231667
2611,-167.9839792
2612,-169.6913958
2613,-168.0779167
2614,-169.4435625
2615,-167.8377708
2616,-166.4847708
2617,-168.5143333
2618,-168.1018125
2619,-166.5620417
2620,-166.9550833
2621,-166.6526667
2622,-166.5202917
2623,-164.5759167
2624,-168.2493542
2625,-167.7214375
2626,-168.6735833
2627,-170.2095417
2628,-168.3080417
2629,-167.8564167
2630,-168.7595
2631,-171.742125
2632,-169.3273958
2633,-172.8358333
2634,-171.8487708
2635,-171.6616875
2636,-170.9091458
2637,-171.5186667
2638,-169.2182708
2639,-171.3004167
2640,-172.9117917
2641,-171.6269375
2642,-169.7276042
2643,-169.3639583
2644,-170.6677083
2645,-168.8387292
2646,-168.272125
2647,-170.8695833
2648,-171.5872292
2649,-170.9498333
2650,-169.8746458
2651,-168.6310417
2652,-171.149875
2653,-169.8359583
2654,-168.716125
2655,-169.2594167
2656,-171.6264792
2657,-171.9321667
2658,-169.1711042
2659,-167.6571667
2660,-168.1931667
2661,-167.0148958
2662,-166.9542708
2663,-167.9674167
2664,-167.6269583
2665,-169.5170208
2666,-168.9847292
2667,-171.1305625
2668,-168.4930417
2669,-173.6967917
2670,-170.9171042
2671,-170.4835208
2672,-172.561875
2673,-179.9001667
2674,-175.8792083
2675,-173.9610625
2676,-174.6261875
2677,-173.5454792
2678,-174.674375
2679,-176.3203958
2680,-176.2711458
2681,-171.7751458
2682,-173.3308958
2683,-174.4004792
2684,-173.0503333
2685,-171.69275
2686,-173.472625
2687,-172.9717708
2688,-172.61125
2689,-174.6000208
2690,-171.7270625
2691,-173.9194792
2692,-175.71825
2693,-171.5532917
2694,-169.6969375
2695,-168.4932083
2696,-168.7932083
2697,-170.2273333
2698,-169.1546667
2699,-172.9963125
2700,-171.0918958
2701,-171.102625
2702,-171.286375
2703,-167.9713333
2704,-168.2242917
2705,-173.1945625
2706,-171.8037292
2707,-169.7840417
2708,-170.1672917
2709,-169.1655
2710,-167.1632917
2711,-168.3705
2712,-171.030875
2713,-168.7352917
2714,-168.3353542
2715,-166.9771042
2716,-167.4152708
2717,-166.0336042
2718,-168.1469583
2719,-169.9673333
2720,-168.4057917
2721,-167.6627083
2722,-166.6086875
2723,-166.8126458
2724,-170.0856042
2725,-167.7125417
2726,-166.4134375
2727,-167.7508333
2728,-168.8411042
2729,-166.8436667
2730,-173.5861667
2731,-167.3071875
2732,-169.3147917
2733,-168.3345625
2734,-170.3195833
2735,-170.6046875
2736,-169.8200625
2737,-170.0473958
2738,-170.9389167
2739,-168.1007708
2740,-170.26275
2741,-168.66175
2742,-170.1859375
2743,-167.123125
2744,-170.1069583
2745,-170.1945625
2746,-169.0832708
2747,-167.8754167
2748,-168.4746042
2749,-168.258375
2750,-168.9045
2751,-168.828875
2752,-171.3120208
2753,-167.9513958
2754,-169.7523958
2755,-168.7025
2756,-170.5683958
2757,-170.6632083
2758,-168.1295625
2759,-168.1586042
2760,-170.5584375
2761,-170.9719583
2762,-171.2496458
2763,-171.2589167
2764,-171.0121667
2765,-168.2990833
2766,-169.1555417
2767,-172.8821667
2768,-169.6439375
2769,-171.2709375
2770,-170.4992708
2771,-169.4341042
2772,-169.1669167
2773,-170.7943958
2774,-167.9904167
2775,-167.5895208
2776,-165.4075833
2777,-171.3620833
2778,-169.470125
2779,-170.7355625
2780,-169.3187083
2781,-170.8793333
2782,-170.1377708
2783,-171.5026875
2784,-169.8714167
2785,-170.1795625
2786,-171.1434375
2787,-174.0642083
2788,-171.9832917
2789,-171.9758958
2790,-172.5543333
2791,-172.46675
2792,-174.4798542
2793,-174.9341875
2794,-173.0791458
2795,-173.0415
2796,-170.6489583
2797,-172.4238125
2798,-171.7467083
2799,-170.2194167
2800,-171.3940208
2801,-170.3223125
2802,-170.5938958
2803,-171.8366875
2804,-170.1171875
2805,-171.2768958
2806,-173.8052708
2807,-169.6965625
2808,-170.7510833
2809,-168.9983125
2810,-167.5413958
2811,-167.8097083
2812,-166.8658958
2813,-167.526125
2814,-167.8542292
2815,-169.7421667
2816,-168.6503125
2817,-170.22275
2818,-168.6260833
2819,-169.8775
2820,-170.324625
2821,-167.7131667
2822,-168.1246458
2823,-169.617875
2824,-169.7383333
2825,-167.0231458
2826,-169.2695417
2827,-169.9166042
2828,-170.0570417
2829,-170.3936458
2830,-168.097625
2831,-169.5799375
2832,-171.5911875
2833,-170.7750833
2834,-170.427125
2835,-169.1808958
2836,-166.5178542
2837,-166.6284792
2838,-163.1028125
2839,-164.4653542
2840,-167.1001458
2841,-169.7445625
2842,-170.2667292
2843,-171.304125
2844,-172.1913542
2845,-168.5547708
2846,-170.3221458
2847,-166.8878125
2848,-169.1453333
2849,-169.682625
2850,-168.6068125
2851,-168.584375
2852,-169.3175625
2853,-168.8180833
2854,-167.4081458
2855,-167.527
2856,-168.8554583
2857,-169.9952083
2858,-166.396125
2859,-165.8986042
2860,-168.538375
2861,-167.6324792
2862,-168.1713333
2863,-169.76975
2864,-168.4335833
2865,-167.1937292
2866,-167.7684583
2867,-167.4339375
2868,-168.0464375
2869,-169.1148958
2870,-171.1661458
2871,-170.1353958
2872,-173.2627917
2873,-168.3342917
2874,-172.4141458
2875,-169.6013542
2876,-169.8932292
2877,-172.6248333
2878,-172.3528333
2879,-172.6410208
2880,-174.8303333
2881,-172.3686458
2882,-171.4804792
2883,-168.24975
2884,-167.599
2885,-167.9668125
2886,-168.4958125
2887,-169.3667708
2888,-168.5218333
2889,-169.6688958
2890,-168.7298333
2891,-167.5203958
2892,-168.4284583
2893,-168.9597083
2894,-169.8724583
2895,-172.2639167
2896,-169.5421458
2897,-168.6563542
2898,-166.354
2899,-167.1373333
2900,-166.6545417
2901,-166.2637708
2902,-167.7243542
2903,-167.7232083
2904,-167.4533958
2905,-166.6642708
2906,-167.3558958
2907,-169.934875
2908,-172.2614583
2909,-171.790125
2910,-172.0859375
2911,-169.3725625
2912,-171.7826667
2913,-168.0206667
2914,-166.3659583
2915,-164.426625
2916,-166.89
2917,-168.7508333
2918,-166.7522083
2919,-167.1492917
2920,-170.3587708
2921,-167.4826667
2922,-167.5688958
2923,-166.7091458
2924,-167.5658125
2925,-166.9687083
2926,-168.2894792
2927,-165.5156875
2928,-169.0154792
2929,-170.1333125
2930,-168.4054167
2931,-166.4601042
2932,-168.0322083
2933,-165.7971667
2934,-168.3794375
2935,-166.2923542
2936,-167.7593333
2937,-168.7272917
2938,-168.547875
2939,-171.3566667
2940,-170.819375
2941,-169.8774583
2942,-167.6287083
2943,-168.2535208
2944,-171.0131667
2945,-172.3428125
2946,-172.1116667
2947,-170.3090625
2948,-172.6008125
2949,-169.9148958
2950,-169.5294583
2951,-169.0089375
2952,-173.740625
2953,-174.2773125
2954,-170.9868333
2955,-173.3799375
2956,-170.6538958
2957,-173.6365833
2958,-173.4086875
2959,-173.4096042
2960,-172.54425
2961,-171.746875
2962,-170.4939375
2963,-171.8746875
2964,-168.4617917
2965,-169.2287083
2966,-169.324625
2967,-168.8447708
2968,-168.2513125
2969,-169.9985208
2970,-169.2797292
2971,-167.9610625
2972,-169.0898125
2973,-170.0258333
2974,-173.1162083
2975,-171.567
2976,-171.4287292
2977,-167.7232708
2978,-168.6923958
2979,-171.7302292
2980,-169.6502083
2981,-169.1105
2982,-172.6736667
2983,-170.2004792
2984,-171.6270625
2985,-169.584375
2986,-169.0472917
2987,-171.3952292
2988,-169.9751875
2989,-168.0958542
2990,-168.1139375
2991,-167.5136875
2992,-166.7366458
2993,-167.1244792
2994,-166.9722917
2995,-168.3600625
2996,-165.5683125
2997,-168.5519792
2998,-170.53975
2999,-173.3512083
3000,-171.99725
