time,distance,position,state,cact_mode,SOC,action
0.01,0,P0,0,0,0.78,-1
0.02,0,P0,0,0,0.78,-1
0.03,0,P0,0,0,0.78,-1
0.04,0,P0,0,0,0.78,-1
0.05,0,P0,0,0,0.78,-1
0.06,0,P0,0,0,0.78,-1
0.07,0,P0,0,0,0.78,-1
0.08,0,P0,0,0,0.78,-1
0.09,0,P0,0,0,0.78,-1
0.1,0,P0,0,0,0.78,-1
0.11,0,P0,0,0,0.78,-1
0.12,0,P0,0,0,0.78,-1
0.13,0,P0,0,0,0.78,-1
0.14,0,P0,0,0,0.78,-1
0.15,0,P0,0,0,0.78,-1
0.16,0,P0,0,0,0.78,-1
0.17,0,P0,0,0,0.78,-1
0.18,0,P0,0,0,0.78,-1
0.19,0,P0,0,0,0.78,-1
0.2,0,P0,0,0,0.78,-1
0.21,0,P0,0,0,0.78,-1
0.22,0,P0,0,0,0.78,-1
0.23,0,P0,0,0,0.78,-1
0.24,0,P0,0,0,0.78,-1
0.25,0,P0,0,0,0.78,-1
0.26,0,P0,0,0,0.78,-1
0.27,0,P0,0,0,0.78,-1
0.28,0,P0,0,0,0.78,-1
0.29,0,P0,0,0,0.78,-1
0.3,0,P0,0,0,0.78,-1
0.31,0,P0,0,0,0.78,-1
0.32,0,P0,0,0,0.78,-1
0.33,0,P0,0,0,0.78,-1
0.34,0,P0,0,0,0.78,-1
0.35,0,P0,0,0,0.78,-1
0.36,0,P0,0,0,0.78,-1
0.37,0,P0,0,0,0.78,-1
0.38,0,P0,0,0,0.78,-1
0.39,0,P0,0,0,0.78,-1
0.4,0,P0,0,0,0.78,-1
0.41,0,P0,0,0,0.78,-1
0.42,0,P0,0,0,0.78,-1
0.43,0,P0,0,0,0.78,-1
0.44,0,P0,0,0,0.78,-1
0.45,0,P0,0,0,0.78,-1
0.46,0,P0,0,0,0.78,-1
0.47,0,P0,0,0,0.78,-1
0.48,0,P0,0,0,0.78,-1
0.49,0,P0,0,0,0.78,-1
0.5,0,P0,0,0,0.78,-1
0.51,0,P0,0,0,0.78,-1
0.52,0,P0,0,0,0.78,-1
0.53,0,P0,0,0,0.78,-1
0.54,0,P0,0,0,0.78,-1
0.55,0,P0,0,0,0.78,-1
0.56,0,P0,0,0,0.78,-1
0.57,0,P0,0,0,0.78,-1
0.58,0,P0,0,0,0.78,-1
0.59,0,P0,0,0,0.78,-1
0.6,0,P0,0,0,0.78,-1
0.61,0,P0,0,0,0.78,-1
0.62,0,P0,0,0,0.78,-1
0.63,0,P0,0,0,0.78,-1
0.64,0,P0,0,0,0.78,-1
0.65,0,P0,0,0,0.78,-1
0.66,1.0,0-10,0,0,0.6100000000000001,-1
0.67,2.0,0-10,0,0,0.6100000000000001,-1
0.68,3.0,0-10,0,0,0.6100000000000001,-1
0.69,4.0,0-10,0,0,0.6100000000000001,-1
0.7,5.0,0-10,0,0,0.6100000000000001,-1
0.71,6.0,0-10,0,0,0.6100000000000001,-1
0.72,7.0,0-10,0,0,0.6100000000000001,-1
0.73,8.0,0-10,0,0,0.6100000000000001,-1
0.74,9.0,0-10,0,0,0.6100000000000001,-1
0.75,10.0,0-10,0,0,0.6100000000000001,-1
0.76,11.0,0-10,0,0,0.6100000000000001,-1
0.77,12.0,0-10,0,0,0.6100000000000001,-1
0.78,13.0,0-10,0,0,0.6100000000000001,-1
0.79,14.0,0-10,0,0,0.6100000000000001,-1
0.8,15.0,0-10,0,0,0.6100000000000001,-1
0.81,16.0,0-10,0,0,0.6100000000000001,-1
0.82,17.0,0-10,0,0,0.6100000000000001,-1
0.83,18.0,0-10,0,0,0.6100000000000001,-1
0.84,19.0,0-10,0,0,0.6100000000000001,-1
0.85,20.0,0-10,0,0,0.6100000000000001,-1
0.86,21.0,0-10,0,0,0.6100000000000001,-1
0.87,22.0,0-10,0,0,0.6100000000000001,-1
0.88,23.0,0-10,0,0,0.6100000000000001,-1
0.89,24.0,0-10,0,0,0.6100000000000001,-1
0.9,25.0,0-10,0,0,0.6100000000000001,-1
0.91,26.0,0-10,0,0,0.6100000000000001,-1
0.92,27.0,0-10,0,0,0.6100000000000001,-1
0.93,28.0,0-10,0,0,0.6100000000000001,-1
0.94,29.0,0-10,0,0,0.6100000000000001,-1
0.95,30.0,0-10,0,0,0.6100000000000001,-1
0.96,31.0,0-10,0,0,0.6100000000000001,-1
0.97,32.0,0-10,0,0,0.6100000000000001,-1
0.98,33.0,0-10,0,0,0.6100000000000001,-1
0.99,34.0,0-10,0,0,0.6100000000000001,-1
1.0,35.0,0-10,0,0,0.6100000000000001,-1
1.01,36.0,0-10,0,0,0.6100000000000001,-1
1.02,37.0,0-10,0,0,0.6100000000000001,-1
1.03,38.0,0-10,0,0,0.6100000000000001,-1
1.04,39.0,0-10,0,0,0.6100000000000001,-1
1.05,40.0,0-10,0,0,0.6100000000000001,-1
1.06,41.0,0-10,0,0,0.6100000000000001,-1
1.07,42.0,0-10,0,0,0.6100000000000001,-1
1.08,43.0,0-10,0,0,0.6100000000000001,-1
1.09,44.0,0-10,0,0,0.6100000000000001,-1
1.1,45.0,0-10,0,0,0.6100000000000001,-1
1.11,46.0,0-10,0,0,0.6100000000000001,-1
1.12,47.0,0-10,0,0,0.6100000000000001,-1
1.13,48.0,0-10,0,0,0.6100000000000001,-1
1.14,49.0,0-10,0,0,0.6100000000000001,-1
1.15,50.0,0-10,0,0,0.6100000000000001,-1
1.16,51.0,0-10,0,0,0.6100000000000001,-1
1.17,52.0,0-10,0,0,0.6100000000000001,-1
1.18,53.0,0-10,0,0,0.6100000000000001,-1
1.19,54.0,0-10,0,0,0.6100000000000001,-1
1.2,55.0,0-10,0,0,0.6100000000000001,-1
1.21,56.0,0-10,0,0,0.6100000000000001,-1
1.22,57.0,0-10,0,0,0.6100000000000001,-1
1.23,58.0,0-10,0,0,0.6100000000000001,-1
1.24,59.0,0-10,0,0,0.6100000000000001,-1
1.25,60.0,0-10,0,0,0.6100000000000001,-1
1.26,61.0,0-10,0,0,0.6100000000000001,-1
1.27,62.0,0-10,0,0,0.6100000000000001,-1
1.28,63.0,0-10,0,0,0.6100000000000001,-1
1.29,64.0,0-10,0,0,0.6100000000000001,-1
1.3,65.0,0-10,0,0,0.6100000000000001,-1
1.31,66.0,0-10,0,0,0.6100000000000001,-1
1.32,67.0,0-10,0,0,0.6100000000000001,-1
1.33,68.0,0-10,0,0,0.6100000000000001,-1
1.34,68.0,P9,2,2,0.8,16
1.35,68.0,P9,2,2,0.8,16
1.36,68.0,P9,2,2,0.8,16
1.37,68.0,P9,2,2,0.8,16
1.38,68.0,P9,2,2,0.8,16
1.39,68.0,P9,2,2,0.8,16
1.4,68.0,P9,2,2,0.8,16
1.41,68.0,P9,2,2,0.8,16
1.42,68.0,P9,2,2,0.8,16
1.43,68.0,P9,2,2,0.8,16
1.44,68.0,P9,2,2,0.8,16
1.45,68.0,P9,2,2,0.8,16
1.46,68.0,P9,2,2,0.8,16
1.47,68.0,P9,2,2,0.8,16
1.48,68.0,P9,2,2,0.8,16
1.49,68.0,P9,2,2,0.8,16
1.5,68.0,P9,2,2,0.8,16
1.51,68.0,P9,2,2,0.8,16
1.52,68.0,P9,2,2,0.8,16
1.53,68.0,P9,2,2,0.8,16
1.54,68.0,P9,2,2,0.8,16
1.55,68.0,P9,2,2,0.8,16
1.56,68.0,P9,2,2,0.8,16
1.57,68.0,P9,2,2,0.8,16
1.58,68.0,P9,2,2,0.8,16
1.59,68.0,P9,2,2,0.8,16
1.6,68.0,P9,2,2,0.8,16
1.61,68.0,P9,2,2,0.8,16
1.62,68.0,P9,2,2,0.8,16
1.63,68.0,P9,2,2,0.8,16
1.64,68.0,P9,2,2,0.8,16
1.65,68.0,P9,2,2,0.8,16
1.66,68.0,P9,2,2,0.8,16
1.67,68.0,P9,2,2,0.8,16
1.68,68.0,P9,2,2,0.8,16
1.69,68.0,P9,2,2,0.8,16
1.7,68.0,P9,2,2,0.8,16
1.71,68.0,P9,2,2,0.8,16
1.72,68.0,P9,2,2,0.8,16
1.73,68.0,P9,2,2,0.8,16
1.74,68.0,P9,2,2,0.8,16
1.75,68.0,P9,2,2,0.8,16
1.76,68.0,P9,2,2,0.8,16
1.77,68.0,P9,2,2,0.8,16
1.78,68.0,P9,2,2,0.8,16
1.79,68.0,P9,2,2,0.8,16
1.8,68.0,P9,0,0,0.8,16
1.81,69.0,10-11,0,0,0.655,-1
1.82,70.0,10-11,0,0,0.655,-1
1.83,71.0,10-11,0,0,0.655,-1
1.84,72.0,10-11,0,0,0.655,-1
1.85,73.0,10-11,0,0,0.655,-1
1.86,74.0,10-11,0,0,0.655,-1
1.87,75.0,10-11,0,0,0.655,-1
1.88,76.0,10-11,0,0,0.655,-1
1.89,77.0,10-11,0,0,0.655,-1
1.9,78.0,10-11,0,0,0.655,-1
1.91,79.0,10-11,0,0,0.655,-1
1.92,80.0,10-11,0,0,0.655,-1
1.93,81.0,10-11,0,0,0.655,-1
1.94,82.0,10-11,0,0,0.655,-1
1.95,83.0,10-11,0,0,0.655,-1
1.96,84.0,10-11,0,0,0.655,-1
1.97,85.0,10-11,0,0,0.655,-1
1.98,86.0,10-11,0,0,0.655,-1
1.99,87.0,10-11,0,0,0.655,-1
2.0,88.0,10-11,0,0,0.655,-1
2.01,89.0,10-11,0,0,0.655,-1
2.02,90.0,10-11,0,0,0.655,-1
2.03,91.0,10-11,0,0,0.655,-1
2.04,92.0,10-11,0,0,0.655,-1
2.05,93.0,10-11,0,0,0.655,-1
2.06,94.0,10-11,0,0,0.655,-1
2.07,95.0,10-11,0,0,0.655,-1
2.08,96.0,10-11,0,0,0.655,-1
2.09,97.0,10-11,0,0,0.655,-1
2.1,98.0,10-11,0,0,0.655,-1
2.11,99.0,10-11,0,0,0.655,-1
2.12,100.0,10-11,0,0,0.655,-1
2.13,101.0,10-11,0,0,0.655,-1
2.14,102.0,10-11,0,0,0.655,-1
2.15,103.0,10-11,0,0,0.655,-1
2.16,104.0,10-11,0,0,0.655,-1
2.17,105.0,10-11,0,0,0.655,-1
2.18,106.0,10-11,0,0,0.655,-1
2.19,107.0,10-11,0,0,0.655,-1
2.2,108.0,10-11,0,0,0.655,-1
2.21,109.0,10-11,0,0,0.655,-1
2.22,110.0,10-11,0,0,0.655,-1
2.23,111.0,10-11,0,0,0.655,-1
2.24,112.0,10-11,0,0,0.655,-1
2.25,113.0,10-11,0,0,0.655,-1
2.26,114.0,10-11,0,0,0.655,-1
2.27,115.0,10-11,0,0,0.655,-1
2.28,116.0,10-11,0,0,0.655,-1
2.29,117.0,10-11,0,0,0.655,-1
2.3,118.0,10-11,0,0,0.655,-1
2.31,119.0,10-11,0,0,0.655,-1
2.32,120.0,10-11,0,0,0.655,-1
2.33,121.0,10-11,0,0,0.655,-1
2.34,122.0,10-11,0,0,0.655,-1
2.35,123.0,10-11,0,0,0.655,-1
2.36,124.0,10-11,0,0,0.655,-1
2.37,125.0,10-11,0,0,0.655,-1
2.38,126.0,10-11,0,0,0.655,-1
2.39,126.0,P10,2,3,1.0,20
2.4,126.0,P10,2,3,1.0,20
2.41,126.0,P10,2,3,1.0,20
2.42,126.0,P10,2,3,1.0,20
2.43,126.0,P10,2,3,1.0,20
2.44,126.0,P10,2,3,1.0,20
2.45,126.0,P10,2,3,1.0,20
2.46,126.0,P10,2,3,1.0,20
2.47,126.0,P10,2,3,1.0,20
2.48,126.0,P10,2,3,1.0,20
2.49,126.0,P10,2,3,1.0,20
2.5,126.0,P10,2,3,1.0,20
2.51,126.0,P10,2,3,1.0,20
2.52,126.0,P10,2,3,1.0,20
2.53,126.0,P10,2,3,1.0,20
2.54,126.0,P10,2,3,1.0,20
2.55,126.0,P10,2,3,1.0,20
2.56,126.0,P10,2,3,1.0,20
2.57,126.0,P10,2,3,1.0,20
2.58,126.0,P10,2,3,1.0,20
2.59,126.0,P10,2,3,1.0,20
2.6,126.0,P10,2,3,1.0,20
2.61,126.0,P10,2,3,1.0,20
2.62,126.0,P10,2,3,1.0,20
2.63,126.0,P10,2,3,1.0,20
2.64,126.0,P10,2,3,1.0,20
2.65,126.0,P10,2,3,1.0,20
2.66,126.0,P10,2,3,1.0,20
2.67,126.0,P10,2,3,1.0,20
2.68,126.0,P10,2,3,1.0,20
2.69,126.0,P10,2,3,1.0,20
2.7,126.0,P10,2,3,1.0,20
2.71,126.0,P10,2,3,1.0,20
2.72,126.0,P10,2,3,1.0,20
2.73,126.0,P10,2,3,1.0,20
2.74,126.0,P10,2,3,1.0,20
2.75,126.0,P10,2,3,1.0,20
2.76,126.0,P10,2,3,1.0,20
2.77,126.0,P10,2,3,1.0,20
2.78,126.0,P10,2,3,1.0,20
2.79,126.0,P10,2,3,1.0,20
2.8,126.0,P10,2,3,1.0,20
2.81,126.0,P10,2,3,1.0,20
2.82,126.0,P10,2,3,1.0,20
2.83,126.0,P10,2,3,1.0,20
2.84,126.0,P10,2,3,1.0,20
2.85,126.0,P10,2,3,1.0,20
2.86,126.0,P10,2,3,1.0,20
2.87,126.0,P10,2,3,1.0,20
2.88,126.0,P10,2,3,1.0,20
2.89,126.0,P10,2,3,1.0,20
2.9,126.0,P10,2,3,1.0,20
2.91,126.0,P10,2,3,1.0,20
2.92,126.0,P10,2,3,1.0,20
2.93,126.0,P10,2,3,1.0,20
2.94,126.0,P10,2,3,1.0,20
2.95,126.0,P10,2,3,1.0,20
2.96,126.0,P10,2,3,1.0,20
2.97,126.0,P10,2,3,1.0,20
2.98,126.0,P10,2,3,1.0,20
2.99,126.0,P10,2,3,1.0,20
3.0,126.0,P10,2,3,1.0,20
3.01,126.0,P10,2,3,1.0,20
3.02,126.0,P10,2,3,1.0,20
3.03,126.0,P10,2,3,1.0,20
3.04,126.0,P10,2,3,1.0,20
3.05,126.0,P10,2,3,1.0,20
3.06,126.0,P10,2,3,1.0,20
3.07,126.0,P10,2,3,1.0,20
3.08,126.0,P10,2,3,1.0,20
3.09,126.0,P10,2,3,1.0,20
3.1,126.0,P10,2,3,1.0,20
3.11,126.0,P10,2,3,1.0,20
3.12,126.0,P10,2,3,1.0,20
3.13,126.0,P10,2,3,1.0,20
3.14,126.0,P10,2,3,1.0,20
3.15,126.0,P10,2,3,1.0,20
3.16,126.0,P10,2,3,1.0,20
3.17,126.0,P10,2,3,1.0,20
3.18,126.0,P10,2,3,1.0,20
3.19,126.0,P10,2,3,1.0,20
3.2,126.0,P10,2,3,1.0,20
3.21,126.0,P10,2,3,1.0,20
3.22,126.0,P10,2,3,1.0,20
3.23,126.0,P10,2,3,1.0,20
3.24,126.0,P10,2,3,1.0,20
3.25,126.0,P10,2,3,1.0,20
3.26,126.0,P10,2,3,1.0,20
3.27,126.0,P10,2,3,1.0,20
3.28,126.0,P10,2,3,1.0,20
3.29,126.0,P10,2,3,1.0,20
3.3,126.0,P10,2,3,1.0,20
3.31,126.0,P10,2,3,1.0,20
3.32,126.0,P10,2,3,1.0,20
3.33,126.0,P10,2,3,1.0,20
3.34,126.0,P10,2,3,1.0,20
3.35,126.0,P10,2,3,1.0,20
3.36,126.0,P10,2,3,1.0,20
3.37,126.0,P10,2,3,1.0,20
3.38,126.0,P10,2,3,1.0,20
3.39,126.0,P10,2,3,1.0,20
3.4,126.0,P10,2,3,1.0,20
3.41,126.0,P10,2,3,1.0,20
3.42,126.0,P10,2,3,1.0,20
3.43,126.0,P10,2,3,1.0,20
3.44,126.0,P10,2,3,1.0,20
3.45,126.0,P10,2,3,1.0,20
3.46,126.0,P10,2,3,1.0,20
3.47,126.0,P10,2,3,1.0,20
3.48,126.0,P10,2,3,1.0,20
3.49,126.0,P10,2,3,1.0,20
3.5,126.0,P10,2,3,1.0,20
3.51,126.0,P10,2,3,1.0,20
3.52,126.0,P10,2,3,1.0,20
3.53,126.0,P10,2,3,1.0,20
3.54,126.0,P10,2,3,1.0,20
3.55,126.0,P10,2,3,1.0,20
3.56,126.0,P10,2,3,1.0,20
3.57,126.0,P10,2,3,1.0,20
3.58,126.0,P10,2,3,1.0,20
3.59,126.0,P10,2,3,1.0,20
3.6,126.0,P10,2,3,1.0,20
3.61,126.0,P10,2,3,1.0,20
3.62,126.0,P10,2,3,1.0,20
3.63,126.0,P10,2,3,1.0,20
3.64,126.0,P10,2,3,1.0,20
3.65,126.0,P10,2,3,1.0,20
3.66,126.0,P10,2,3,1.0,20
3.67,126.0,P10,2,3,1.0,20
3.68,126.0,P10,2,3,1.0,20
3.69,126.0,P10,2,3,1.0,20
3.7,126.0,P10,2,3,1.0,20
3.71,126.0,P10,2,3,1.0,20
3.72,126.0,P10,2,3,1.0,20
3.73,126.0,P10,2,3,1.0,20
3.74,126.0,P10,0,0,1.0,20
3.75,127.0,11-14,0,0,0.875,-1
3.76,128.0,11-14,0,0,0.875,-1
3.77,129.0,11-14,0,0,0.875,-1
3.78,130.0,11-14,0,0,0.875,-1
3.79,131.0,11-14,0,0,0.875,-1
3.8,132.0,11-14,0,0,0.875,-1
3.81,133.0,11-14,0,0,0.875,-1
3.82,134.0,11-14,0,0,0.875,-1
3.83,135.0,11-14,0,0,0.875,-1
3.84,136.0,11-14,0,0,0.875,-1
3.85,137.0,11-14,0,0,0.875,-1
3.86,138.0,11-14,0,0,0.875,-1
3.87,139.0,11-14,0,0,0.875,-1
3.88,140.0,11-14,0,0,0.875,-1
3.89,141.0,11-14,0,0,0.875,-1
3.9,142.0,11-14,0,0,0.875,-1
3.91,143.0,11-14,0,0,0.875,-1
3.92,144.0,11-14,0,0,0.875,-1
3.93,145.0,11-14,0,0,0.875,-1
3.94,146.0,11-14,0,0,0.875,-1
3.95,147.0,11-14,0,0,0.875,-1
3.96,148.0,11-14,0,0,0.875,-1
3.97,149.0,11-14,0,0,0.875,-1
3.98,150.0,11-14,0,0,0.875,-1
3.99,151.0,11-14,0,0,0.875,-1
4.0,152.0,11-14,0,0,0.875,-1
4.01,153.0,11-14,0,0,0.875,-1
4.02,154.0,11-14,0,0,0.875,-1
4.03,155.0,11-14,0,0,0.875,-1
4.04,156.0,11-14,0,0,0.875,-1
4.05,157.0,11-14,0,0,0.875,-1
4.06,158.0,11-14,0,0,0.875,-1
4.07,159.0,11-14,0,0,0.875,-1
4.08,160.0,11-14,0,0,0.875,-1
4.09,161.0,11-14,0,0,0.875,-1
4.1,162.0,11-14,0,0,0.875,-1
4.11,163.0,11-14,0,0,0.875,-1
4.12,164.0,11-14,0,0,0.875,-1
4.13,165.0,11-14,0,0,0.875,-1
4.14,166.0,11-14,0,0,0.875,-1
4.15,167.0,11-14,0,0,0.875,-1
4.16,168.0,11-14,0,0,0.875,-1
4.17,169.0,11-14,0,0,0.875,-1
4.18,170.0,11-14,0,0,0.875,-1
4.19,171.0,11-14,0,0,0.875,-1
4.2,172.0,11-14,0,0,0.875,-1
4.21,173.0,11-14,0,0,0.875,-1
4.22,174.0,11-14,0,0,0.875,-1
4.23,175.0,11-14,0,0,0.875,-1
4.24,176.0,11-14,0,0,0.875,-1
4.25,177.0,14-15,0,0,0.7975,-1
4.26,178.0,14-15,0,0,0.7975,-1
4.27,179.0,14-15,0,0,0.7975,-1
4.28,180.0,14-15,0,0,0.7975,-1
4.29,181.0,14-15,0,0,0.7975,-1
4.3,182.0,14-15,0,0,0.7975,-1
4.31,183.0,14-15,0,0,0.7975,-1
4.32,184.0,14-15,0,0,0.7975,-1
4.33,185.0,14-15,0,0,0.7975,-1
4.34,186.0,14-15,0,0,0.7975,-1
4.35,187.0,14-15,0,0,0.7975,-1
4.36,188.0,14-15,0,0,0.7975,-1
4.37,189.0,14-15,0,0,0.7975,-1
4.38,190.0,14-15,0,0,0.7975,-1
4.39,191.0,14-15,0,0,0.7975,-1
4.4,192.0,14-15,0,0,0.7975,-1
4.41,193.0,14-15,0,0,0.7975,-1
4.42,194.0,14-15,0,0,0.7975,-1
4.43,195.0,14-15,0,0,0.7975,-1
4.44,196.0,14-15,0,0,0.7975,-1
4.45,197.0,14-15,0,0,0.7975,-1
4.46,198.0,14-15,0,0,0.7975,-1
4.47,199.0,14-15,0,0,0.7975,-1
4.48,200.0,14-15,0,0,0.7975,-1
4.49,201.0,14-15,0,0,0.7975,-1
4.5,202.0,14-15,0,0,0.7975,-1
4.51,203.0,14-15,0,0,0.7975,-1
4.52,204.0,14-15,0,0,0.7975,-1
4.53,205.0,14-15,0,0,0.7975,-1
4.54,206.0,14-15,0,0,0.7975,-1
4.55,207.0,14-15,0,0,0.7975,-1
4.56,208.0,15-16,0,0,0.7125,-1
4.57,209.0,15-16,0,0,0.7125,-1
4.58,210.0,15-16,0,0,0.7125,-1
4.59,211.0,15-16,0,0,0.7125,-1
4.6,212.0,15-16,0,0,0.7125,-1
4.61,213.0,15-16,0,0,0.7125,-1
4.62,214.0,15-16,0,0,0.7125,-1
4.63,215.0,15-16,0,0,0.7125,-1
4.64,216.0,15-16,0,0,0.7125,-1
4.65,217.0,15-16,0,0,0.7125,-1
4.66,218.0,15-16,0,0,0.7125,-1
4.67,219.0,15-16,0,0,0.7125,-1
4.68,220.0,15-16,0,0,0.7125,-1
4.69,221.0,15-16,0,0,0.7125,-1
4.7,222.0,15-16,0,0,0.7125,-1
4.71,223.0,15-16,0,0,0.7125,-1
4.72,224.0,15-16,0,0,0.7125,-1
4.73,225.0,15-16,0,0,0.7125,-1
4.74,226.0,15-16,0,0,0.7125,-1
4.75,227.0,15-16,0,0,0.7125,-1
4.76,228.0,15-16,0,0,0.7125,-1
4.77,229.0,15-16,0,0,0.7125,-1
4.78,230.0,15-16,0,0,0.7125,-1
4.79,231.0,15-16,0,0,0.7125,-1
4.8,232.0,15-16,0,0,0.7125,-1
4.81,233.0,15-16,0,0,0.7125,-1
4.82,234.0,15-16,0,0,0.7125,-1
4.83,235.0,15-16,0,0,0.7125,-1
4.84,236.0,15-16,0,0,0.7125,-1
4.85,237.0,15-16,0,0,0.7125,-1
4.86,238.0,15-16,0,0,0.7125,-1
4.87,239.0,15-16,0,0,0.7125,-1
4.88,240.0,15-16,0,0,0.7125,-1
4.89,241.0,15-16,0,0,0.7125,-1
4.9,241.0,P15,1,6,1.0,20
4.91,241.0,P15,1,6,1.0,20
4.92,241.0,P15,1,6,1.0,20
4.93,241.0,P15,1,6,1.0,20
4.94,241.0,P15,1,6,1.0,20
4.95,241.0,P15,1,6,1.0,20
4.96,241.0,P15,1,6,1.0,20
4.97,241.0,P15,1,6,1.0,20
4.98,241.0,P15,1,6,1.0,20
4.99,241.0,P15,1,6,1.0,20
5.0,241.0,P15,1,6,1.0,20
5.01,241.0,P15,1,6,1.0,20
5.02,241.0,P15,1,6,1.0,20
5.03,241.0,P15,1,6,1.0,20
5.04,241.0,P15,1,6,1.0,20
5.05,241.0,P15,1,6,1.0,20
5.06,241.0,P15,1,6,1.0,20
5.07,241.0,P15,1,6,1.0,20
5.08,241.0,P15,1,6,1.0,20
5.09,241.0,P15,1,6,1.0,20
5.1,241.0,P15,1,6,1.0,20
5.11,241.0,P15,1,6,1.0,20
5.12,241.0,P15,1,6,1.0,20
5.13,241.0,P15,1,6,1.0,20
5.14,241.0,P15,1,6,1.0,20
5.15,241.0,P15,1,6,1.0,20
5.16,241.0,P15,1,6,1.0,20
5.17,241.0,P15,1,6,1.0,20
5.18,241.0,P15,1,6,1.0,20
5.19,241.0,P15,1,6,1.0,20
5.2,241.0,P15,1,6,1.0,20
5.21,241.0,P15,1,6,1.0,20
5.22,241.0,P15,1,6,1.0,20
5.23,241.0,P15,1,6,1.0,20
5.24,241.0,P15,1,6,1.0,20
5.25,241.0,P15,1,6,1.0,20
5.26,241.0,P15,1,6,1.0,20
5.27,241.0,P15,1,6,1.0,20
5.28,241.0,P15,1,6,1.0,20
5.29,241.0,P15,1,6,1.0,20
5.3,241.0,P15,1,6,1.0,20
5.31,241.0,P15,1,6,1.0,20
5.32,241.0,P15,1,6,1.0,20
5.33,241.0,P15,2,6,1.0,20
5.34,241.0,P15,2,6,1.0,20
5.35,241.0,P15,2,6,1.0,20
5.36,241.0,P15,2,6,1.0,20
5.37,241.0,P15,2,6,1.0,20
5.38,241.0,P15,2,6,1.0,20
5.39,241.0,P15,2,6,1.0,20
5.4,241.0,P15,2,6,1.0,20
5.41,241.0,P15,2,6,1.0,20
5.42,241.0,P15,2,6,1.0,20
5.43,241.0,P15,2,6,1.0,20
5.44,241.0,P15,2,6,1.0,20
5.45,241.0,P15,2,6,1.0,20
5.46,241.0,P15,2,6,1.0,20
5.47,241.0,P15,2,6,1.0,20
5.48,241.0,P15,2,6,1.0,20
5.49,241.0,P15,2,6,1.0,20
5.5,241.0,P15,2,6,1.0,20
5.51,241.0,P15,2,6,1.0,20
5.52,241.0,P15,2,6,1.0,20
5.53,241.0,P15,2,6,1.0,20
5.54,241.0,P15,2,6,1.0,20
5.55,241.0,P15,2,6,1.0,20
5.56,241.0,P15,2,6,1.0,20
5.57,241.0,P15,2,6,1.0,20
5.58,241.0,P15,2,6,1.0,20
5.59,241.0,P15,2,6,1.0,20
5.6,241.0,P15,2,6,1.0,20
5.61,241.0,P15,2,6,1.0,20
5.62,241.0,P15,2,6,1.0,20
5.63,241.0,P15,2,6,1.0,20
5.64,241.0,P15,2,6,1.0,20
5.65,241.0,P15,2,6,1.0,20
5.66,241.0,P15,2,6,1.0,20
5.67,241.0,P15,2,6,1.0,20
5.68,241.0,P15,2,6,1.0,20
5.69,241.0,P15,2,6,1.0,20
5.7,241.0,P15,2,6,1.0,20
5.71,241.0,P15,2,6,1.0,20
5.72,241.0,P15,2,6,1.0,20
5.73,241.0,P15,2,6,1.0,20
5.74,241.0,P15,2,6,1.0,20
5.75,241.0,P15,2,6,1.0,20
5.76,241.0,P15,2,6,1.0,20
5.77,241.0,P15,2,6,1.0,20
5.78,241.0,P15,2,6,1.0,20
5.79,241.0,P15,2,6,1.0,20
5.8,241.0,P15,2,6,1.0,20
5.81,241.0,P15,2,6,1.0,20
5.82,241.0,P15,2,6,1.0,20
5.83,241.0,P15,2,6,1.0,20
5.84,241.0,P15,2,6,1.0,20
5.85,241.0,P15,2,6,1.0,20
5.86,241.0,P15,2,6,1.0,20
5.87,241.0,P15,2,6,1.0,20
5.88,241.0,P15,2,6,1.0,20
5.89,241.0,P15,2,6,1.0,20
5.9,241.0,P15,2,6,1.0,20
5.91,241.0,P15,2,6,1.0,20
5.92,241.0,P15,2,6,1.0,20
5.93,241.0,P15,2,6,1.0,20
5.94,241.0,P15,2,6,1.0,20
5.95,241.0,P15,2,6,1.0,20
5.96,241.0,P15,2,6,1.0,20
5.97,241.0,P15,2,6,1.0,20
5.98,241.0,P15,2,6,1.0,20
5.99,241.0,P15,2,6,1.0,20
6.0,241.0,P15,2,6,1.0,20
6.01,241.0,P15,2,6,1.0,20
6.02,241.0,P15,2,6,1.0,20
6.03,241.0,P15,2,6,1.0,20
6.04,241.0,P15,2,6,1.0,20
6.05,241.0,P15,2,6,1.0,20
6.06,241.0,P15,2,6,1.0,20
6.07,241.0,P15,2,6,1.0,20
6.08,241.0,P15,2,6,1.0,20
6.09,241.0,P15,2,6,1.0,20
6.1,241.0,P15,2,6,1.0,20
6.11,241.0,P15,2,6,1.0,20
6.12,241.0,P15,2,6,1.0,20
6.13,241.0,P15,2,6,1.0,20
6.14,241.0,P15,2,6,1.0,20
6.15,241.0,P15,2,6,1.0,20
6.16,241.0,P15,2,6,1.0,20
6.17,241.0,P15,2,6,1.0,20
6.18,241.0,P15,2,6,1.0,20
6.19,241.0,P15,2,6,1.0,20
6.2,241.0,P15,2,6,1.0,20
6.21,241.0,P15,2,6,1.0,20
6.22,241.0,P15,2,6,1.0,20
6.23,241.0,P15,2,6,1.0,20
6.24,241.0,P15,2,6,1.0,20
6.25,241.0,P15,2,6,1.0,20
6.26,241.0,P15,2,6,1.0,20
6.27,241.0,P15,2,6,1.0,20
6.28,241.0,P15,2,6,1.0,20
6.29,241.0,P15,2,6,1.0,20
6.3,241.0,P15,2,6,1.0,20
6.31,241.0,P15,2,6,1.0,20
6.32,241.0,P15,2,6,1.0,20
6.33,241.0,P15,2,6,1.0,20
6.34,241.0,P15,2,6,1.0,20
6.35,241.0,P15,2,6,1.0,20
6.36,241.0,P15,2,6,1.0,20
6.37,241.0,P15,2,6,1.0,20
6.38,241.0,P15,2,6,1.0,20
6.39,241.0,P15,2,6,1.0,20
6.4,241.0,P15,2,6,1.0,20
6.41,241.0,P15,2,6,1.0,20
6.42,241.0,P15,2,6,1.0,20
6.43,241.0,P15,2,6,1.0,20
6.44,241.0,P15,2,6,1.0,20
6.45,241.0,P15,2,6,1.0,20
6.46,241.0,P15,2,6,1.0,20
6.47,241.0,P15,2,6,1.0,20
6.48,241.0,P15,2,6,1.0,20
6.49,241.0,P15,2,6,1.0,20
6.5,241.0,P15,2,6,1.0,20
6.51,241.0,P15,2,6,1.0,20
6.52,241.0,P15,2,6,1.0,20
6.53,241.0,P15,2,6,1.0,20
6.54,241.0,P15,0,0,1.0,20
6.55,242.0,16-19,0,0,0.92,-1
6.56,243.0,16-19,0,0,0.92,-1
6.57,244.0,16-19,0,0,0.92,-1
6.58,245.0,16-19,0,0,0.92,-1
6.59,246.0,16-19,0,0,0.92,-1
6.6,247.0,16-19,0,0,0.92,-1
6.61,248.0,16-19,0,0,0.92,-1
6.62,249.0,16-19,0,0,0.92,-1
6.63,250.0,16-19,0,0,0.92,-1
6.64,251.0,16-19,0,0,0.92,-1
6.65,252.0,16-19,0,0,0.92,-1
6.66,253.0,16-19,0,0,0.92,-1
6.67,254.0,16-19,0,0,0.92,-1
6.68,255.0,16-19,0,0,0.92,-1
6.69,256.0,16-19,0,0,0.92,-1
6.7,257.0,16-19,0,0,0.92,-1
6.71,258.0,16-19,0,0,0.92,-1
6.72,259.0,16-19,0,0,0.92,-1
6.73,260.0,16-19,0,0,0.92,-1
6.74,261.0,16-19,0,0,0.92,-1
6.75,262.0,16-19,0,0,0.92,-1
6.76,263.0,16-19,0,0,0.92,-1
6.77,264.0,16-19,0,0,0.92,-1
6.78,265.0,16-19,0,0,0.92,-1
6.79,266.0,16-19,0,0,0.92,-1
6.8,267.0,16-19,0,0,0.92,-1
6.81,268.0,16-19,0,0,0.92,-1
6.82,269.0,16-19,0,0,0.92,-1
6.83,270.0,16-19,0,0,0.92,-1
6.84,271.0,16-19,0,0,0.92,-1
6.85,272.0,16-19,0,0,0.92,-1
6.86,273.0,16-19,0,0,0.92,-1
